rawcode	name	role_inferred	created_total_from_jass	create_lines	income_lumber_30s	upgrade_to	requires	builds	trains	abil_list	hero_abil_list	art	model	level	goldcost	lumbercost	fmade	fused	HP	manaN	def	defType	spd	race	prio	threat	movetp	moveHeight	turnRate	propWin	sight	nsight	weapsOn	acquire	rangeN1	cool1	dmgplus1	dice1	sides1	atkType1	weapType1	targs1	stat_source
Edem	恶魔猎手	unit_or_structure	0				etoa,etoe			AInv,Ault	AEmb,AEim,AEev,AEme	ReplaceableTextures\CommandButtons\BTNHeroDemonHunter.blp	units\nightelf\HeroDemonHunter\HeroDemonHunter	5	425	100		5	100			hero	320	nightelf	9	1	foot		0.5	60			1	650	100	1.7		2	12	hero	MetalHeavySlice	ground,structure,debris,item,ward	anonymous MPQ SLK/INI + JASS crosscheck
Edmm	恶魔猎手	unit_or_structure	0				etoa,etoe			AInv,Ault	AEmb,AEim,AEev,AEme	ReplaceableTextures\CommandButtons\BTNMetamorphosis.blp	units\nightelf\HeroDemonHunter\HeroDemonHunter	5	425	100		5	100			hero	320	nightelf	9	1	foot		0.5	60			1	650	600	1.6		2	12	chaos	_	ground,structure,debris,air,item,ward	anonymous MPQ SLK/INI + JASS crosscheck
Ekee	캐슬	unit_or_structure	0			hcas	etoa,etoe		hpea	AInv,Ault	AEer,AEfn,AEah,AEtq	ReplaceableTextures\CommandButtons\BTNKeep.blp	units\nightelf\HeroKeeperoftheGrove\HeroKeeperoftheGrove	5	425	100		5	100			hero	320	nightelf	9	1	horse		0.4	60			1	600	600	2.18		2	4	hero	_	ground,structure,debris,air,item,ward	anonymous MPQ SLK/INI + JASS crosscheck
Emoo	月之女祭司	unit_or_structure	0				etoa,etoe			Ashm,AInv,Ault	AHfa,AEst,AEar,AEsf	ReplaceableTextures\CommandButtons\BTNPriestessOfTheMoon.blp	units\nightelf\HeroMoonPriestess\HeroMoonPriestess	5	425	100		5	100			hero	320	nightelf	9	1	horse		0.4	60			1	650	600	2.46		2	6	hero	_	ground,structure,debris,air,item,ward	anonymous MPQ SLK/INI + JASS crosscheck
Ewar	守望者	unit_or_structure	0				etoa,etoe			Ashm,AInv,Ault	AEbl,AEfk,AEsh,AEsv	ReplaceableTextures\CommandButtons\BTNHeroWarden.blp	units\nightelf\herowarden\herowarden	5	425	100		5	100			hero	320	nightelf	9	1	foot		0.4	60			1	650	100	2.05		2	11	hero	MetalHeavySlice	ground,structure,debris,item,ward	anonymous MPQ SLK/INI + JASS crosscheck
H000	농부	player_hero	2	1737,1818			h00H,h00C	h00D,h004,h006,h00M,h003,h026,h00A,h00B,h00C,h001,h00E		A01V,A001,A002,Ahrp,A005,A033,AInv		ReplaceableTextures\CommandButtons\BTNPeasant.blp	units\human\Peasant\Peasant.mdl	5	425	100	3		220	60	1	large	240	human	9	1	foot		0.6	60			1	500	90	1.5	30	1	4	normal	MetalLightChop	structure,ward,ground	anonymous MPQ SLK/INI + JASS crosscheck
H002	아내	unit_or_structure	0				h00H,h00C			A04I,A02K,A00U,A00T,A001,A002,AInv		daoshui.blp	war3mapImported\menglang.mdl	5	300	100			100	30	1	none	240	human	9	1	foot		0.6	60			1	500	90	1.5	16	1	4	normal	WoodLightBash	structure,ward,ground	anonymous MPQ SLK/INI + JASS crosscheck
H00X	와일드 울프	boss_or_elite_enemy	1	5786			hkee,hcas			A03H,A02I,A01G		ReplaceableTextures\CommandButtons\BTNSpiritWolf.blp	war3mapImported\SpiritWolf.mdl	5	425	100		5	8500		28	large	330	human	9	1	foot		0.6	60			1	500	90	0.95		2	35	normal	WoodMediumBash	ground,structure,debris,item,ward	anonymous MPQ SLK/INI + JASS crosscheck
H012	블러드 울프	boss_or_elite_enemy	1	5752			hkee,hcas			A03B,A02I		ReplaceableTextures\CommandButtons\BTNTimberWolf.blp	units\orc\Spiritwolf\Spiritwolf.mdl	5	425	100		5	5200			large	330	human	9	1	foot		0.6	60			1	500	90	1	-10	2	8	normal	WoodMediumBash	ground,structure,debris,item,ward	anonymous MPQ SLK/INI + JASS crosscheck
H013	헬 하운드	boss_or_elite_enemy	1	5819			hkee,hcas			A03E,A01R,A01H		ReplaceableTextures\CommandButtons\BTNFelHound.blp	VoidTerror.mdl	5	425	100		5	13000		50	large	330	human	9	1	foot		0.6	60			1	500	90	0.85	10	2	55	normal	WoodMediumBash	ground,structure,debris,item,ward	anonymous MPQ SLK/INI + JASS crosscheck
H018	블러드 울프	boss_or_elite_enemy	0				hkee,hcas			_		ReplaceableTextures\CommandButtons\BTNTimberWolf.blp	units\orc\Spiritwolf\Spiritwolf.mdl	5	425	100		5	8200		-4	large	300	human	9	1	foot		0.6	60			1	500	90	1	-10	2	8	normal	WoodMediumBash	ground,structure,debris,item,ward	anonymous MPQ SLK/INI + JASS crosscheck
H019	와일드 울프	boss_or_elite_enemy	0				hkee,hcas			A01G		ReplaceableTextures\CommandButtons\BTNSpiritWolf.blp	war3mapImported\SpiritWolf.mdl	5	425	100		5	13500		28	large	300	human	9	1	foot		0.6	60			1	500	90	0.95		2	35	normal	WoodMediumBash	ground,structure,debris,item,ward	anonymous MPQ SLK/INI + JASS crosscheck
H01A	헬 하운드	boss_or_elite_enemy	0				hkee,hcas			A01R,A01H		ReplaceableTextures\CommandButtons\BTNFelHound.blp	VoidTerror.mdl	5	425	100		5	19000		50	large	300	human	9	1	foot		0.6	60			1	500	90	0.85		2	55	normal	WoodMediumBash	ground,structure,debris,item,ward	anonymous MPQ SLK/INI + JASS crosscheck
H01B	둠 가드	boss_or_elite_enemy	1	5852			hkee,hcas			A03C,A02I,A023,A025		ReplaceableTextures\CommandButtons\BTNDoomGuard.blp	Lord.mdl	5	425	100		5	24000		56	large	330	human	9	1	foot		0.6	60			1	500	90	0.9	15	2	50	normal	MetalHeavySlice	ground,structure,debris,item,ward	anonymous MPQ SLK/INI + JASS crosscheck
H01C	둠 가드	boss_or_elite_enemy	0				hkee,hcas			A023,A025		ReplaceableTextures\CommandButtons\BTNDoomGuard.blp	Lord.mdl	5	425	100		5	23000		75	large	300	human	9	1	foot		0.6	60			2	500	90	0.9		2	50	normal	MetalHeavySlice	ground,structure,debris,item,ward	anonymous MPQ SLK/INI + JASS crosscheck
H01N	아키몬드	boss_or_elite_enemy	1	5885			hkee,hcas			A03F,A02R,A02I,A02Q		ReplaceableTextures\CommandButtons\BTNEredarWarlockPurple.blp	war3mapImported\Azgathoth.mdl	5	425	100		5	24000		55	large	330	human	9	1	foot		0.6	60			1	500	90	0.9	40	2	50	normal	MetalHeavySlice	ground,structure,debris,item,ward	anonymous MPQ SLK/INI + JASS crosscheck
H01O	네더 드레곤	boss_or_elite_enemy	1	3488			hkee,hcas			A03G,A01J,A02T,A02I,A02S,A02V		ReplaceableTextures\CommandButtons\BTNNetherDragon.blp	black dragon.mdl	5	425	100		5	36000		90	large	330	human	9	1	hover	150	0.6	60			1	500	90	0.9		2	55	normal	MetalHeavyBash	ground,structure,debris,item,ward	anonymous MPQ SLK/INI + JASS crosscheck
H022	[히든]쌈닭	unit_or_structure	4	8327,8450,8540,8660			hkee,hcas			A03T,A03U,AInv		ReplaceableTextures\CommandButtons\BTNCritterChicken.blp	units\critters\EasterChicken\EasterChicken.mdl	30	425	100		10	4500	100	1	hero	320	human	9	1	foot		0.6	60			1	500	100	1	220	2	6	hero	MetalHeavyBash	structure,air,ward,ground	anonymous MPQ SLK/INI + JASS crosscheck
H023	진화된 쌈닭	unit_or_structure	0				hkee,hcas			A03T,A03U,AInv		ReplaceableTextures\CommandButtons\BTNCritterChicken.blp	TrollMelee1.mdl	5	425	100		5	100		1	hero	270	human	9	1	foot		0.6	60			1	500	100	1	30	2	6	hero	MetalHeavyBash	structure,air,ward,ground	anonymous MPQ SLK/INI + JASS crosscheck
Hamg	아이크메이저	unit_or_structure	0				hkee,hcas			AInv	AHbz,AHab,AHwe,AHmt	ReplaceableTextures\CommandButtons\BTNHeroArchMage.blp	units\human\HeroArchMage\HeroArchMage	5	425	100		5	100			hero	320	human	9	1	foot		0.5	60			1	600	600	2.13		2	4	hero	_	ground,structure,debris,air,item,ward	anonymous MPQ SLK/INI + JASS crosscheck
Hblm	아키메이지	unit_or_structure	0				hkee,hcas			AInv,Asph	AHfs,AHbn,AHdr,AHpx	ReplaceableTextures\CommandButtons\BTNHeroBloodElfPrince.blp	units\human\HeroBloodElf\HeroBloodElf	5	425	100		5	100			hero	300	human	9	1	foot		0.5	60			1	600	600	2.13		2	4	hero	_	ground,structure,debris,air,item,ward	anonymous MPQ SLK/INI + JASS crosscheck
Hmkg	김리	unit_or_structure	0				hkee,hcas			AInv	AHtc,AHtb,AHbh,AHav	ReplaceableTextures\CommandButtons\BTNHeroMountainKing.blp	units\human\HeroMountainKing\HeroMountainKing	5	425	100		5	100		1	hero	270	human	9	1	foot		0.6	60			1	500	100	2.22		2	6	hero	MetalHeavyBash	ground,structure,debris,item,ward	anonymous MPQ SLK/INI + JASS crosscheck
Hpal	팔리딘	unit_or_structure	0				hkee,hcas			AInv	AHhb,AHds,AHre,AHad	ReplaceableTextures\CommandButtons\BTNHeroPaladin.blp	units\human\HeroPaladin\HeroPaladin	5	425	100		5	100		2	hero	270	human	9	1	foot		0.6	60			1	500	100	2.2		2	6	hero	MetalHeavyBash	ground,structure,debris,item,ward	anonymous MPQ SLK/INI + JASS crosscheck
Obla	剑圣	unit_or_structure	0				ostr,ofrt			AInv	AOwk,AOcr,AOmi,AOww	ReplaceableTextures\CommandButtons\BTNHeroBlademaster.blp	units\orc\HeroBladeMaster\HeroBladeMaster	5	425	100		5	100			hero	300	orc	9	1	foot		0.6	60			1	500	100	1.77		2	12	hero	MetalHeavySlice	ground,structure,debris,item,ward	anonymous MPQ SLK/INI + JASS crosscheck
Ofar	先知	unit_or_structure	0				ostr,ofrt			AInv	AOfs,AOsf,AOcl,AOeq	ReplaceableTextures\CommandButtons\BTNHeroFarseer.blp	units\orc\HeroFarSeer\HeroFarSeer	5	425	100		5	100			hero	320	orc	9	1	horse		0.4	60			1	600	600	2.28		2	4	hero	_	ground,structure,debris,air,item,ward	anonymous MPQ SLK/INI + JASS crosscheck
Oshd	暗影猎手	unit_or_structure	0				ostr,ofrt			AInv	AOhw,AOhx,AOsw,AOvd	ReplaceableTextures\CommandButtons\BTNShadowHunter.blp	units\orc\HeroShadowHunter\HeroShadowHunter	5	425	100		5	100			hero	320	orc	9	1	foot		0.4	60			1	600	600	2.28		2	4	hero	_	ground,structure,debris,air,item,ward	anonymous MPQ SLK/INI + JASS crosscheck
Otch	牛头人酋长	unit_or_structure	0				ostr,ofrt			AInv	AOsh,AOae,AOre,AOws	ReplaceableTextures\CommandButtons\BTNHeroTaurenChieftain.blp	units\orc\HeroTaurenChieftain\HeroTaurenChieftain	5	425	100		5	100		1	hero	250	orc	9	1	foot		0.4	60			1	500	128	2.05		2	6	hero	MetalHeavyChop	ground,structure,debris,item,ward	anonymous MPQ SLK/INI + JASS crosscheck
Ucrl	地穴领主	unit_or_structure	0				unp1,unp2			AInv	AUim,AUts,AUcb,AUls	ReplaceableTextures\CommandButtons\BTNHeroCryptLord.blp	units\undead\HeroCryptLord\HeroCryptLord	5	425	100		5	25			hero	270	undead	9	1	foot		0.5	60			1	500	128	1.9		2	4	hero	WoodHeavyBash	ground,structure,debris,item,ward	anonymous MPQ SLK/INI + JASS crosscheck
Udea	死亡骑士	unit_or_structure	0				unp1,unp2			AInv	AUdc,AUdp,AUau,AUan	ReplaceableTextures\CommandButtons\BTNHeroDeathKnight.blp	units\undead\HeroDeathKnight\HeroDeathKnight	5	425	100		5	100		2	hero	320	undead	9	1	foot		0.5	60			1	500	100	2.33		2	6	hero	MetalHeavySlice	ground,structure,debris,item,ward	anonymous MPQ SLK/INI + JASS crosscheck
Udre	恐惧魔王	unit_or_structure	0				unp1,unp2			AInv	AUav,AUsl,AUcs,AUin	ReplaceableTextures\CommandButtons\BTNHeroDreadLord.blp	units\undead\HeroDreadLord\HeroDreadLord	5	425	100		5	100			hero	270	undead	9	1	foot		0.5	60			1	500	100	1.8		2	6	hero	WoodHeavyBash	ground,structure,debris,item,ward	anonymous MPQ SLK/INI + JASS crosscheck
Ulic	巫妖	unit_or_structure	0				unp1,unp2			AInv	AUfn,AUfu,AUdr,AUdd	ReplaceableTextures\CommandButtons\BTNLichVersion2.blp	units\undead\HeroLich\HeroLich.mdl	5	425	100		5	100			hero	270	undead	9	1	hover	30	0.5	60			1	600	600	1.9		2	4	hero	_	ground,structure,debris,air,item,ward	anonymous MPQ SLK/INI + JASS crosscheck
e000	샨드리스	unit_or_structure	0				h00A,h00H			Ashm,A013,A014		ReplaceableTextures\CommandButtons\BTNShandris.blp	units\nightelf\Shandris\Shandris	3	190	90		1	310		1	medium	270	nightelf	5	1	foot		0.6	60			1	800	700	1.2	31	1	10	pierce	_	structure,air,ward,debris,ground	anonymous MPQ SLK/INI + JASS crosscheck
e001	네더 드래곤	unit_or_structure	1	3475				etol,emow,edos,eaom,eate,eaow,eaoe,edob,etrp,eden		Asdg,Aloc		ReplaceableTextures\CommandButtons\BTNWisp.blp	Objects\Spawnmodels\Undead\UDeathMedium\UDeath.mdl	1	60			1	500			medium		nightelf	1	1	fly	200	0.6	60										normal	_	_	anonymous MPQ SLK/INI + JASS crosscheck
e002	타격	unit_or_structure	0					etol,emow,edos,eaom,eate,eaow,eaoe,edob,etrp,eden		Asdg,Aloc		ReplaceableTextures\CommandButtons\BTNWisp.blp	war3mapImported\Bloodas.mdl	1	60			1	500			medium		nightelf	1	1	fly	300	0.6	60										normal	_	_	anonymous MPQ SLK/INI + JASS crosscheck
e003	자연의 축복	unit_or_structure	1	2249				etol,emow,edos,eaom,eate,eaow,eaoe,edob,etrp,eden		Asdg,Aloc		ReplaceableTextures\CommandButtons\BTNWisp.blp	Abilities\Spells\Undead\RaiseSkeletonWarrior\RaiseSkeleton.mdl	1	60			1	500			medium		nightelf	1	1	fly	200	0.6	60										normal	_	_	anonymous MPQ SLK/INI + JASS crosscheck
e004	절대 방어	unit_or_structure	1	2242				etol,emow,edos,eaom,eate,eaow,eaoe,edob,etrp,eden		Asdg,Aloc		ReplaceableTextures\CommandButtons\BTNWisp.blp	Abilities\Spells\Items\AIem\AIemTarget.mdl	1	60			1	500			medium		nightelf	1	1	fly	150	0.6	60										normal	_	_	anonymous MPQ SLK/INI + JASS crosscheck
eaoe	知识古树	unit_or_structure	0				etoa,edob		edry,edoc,emtg	Abds,Aeat,Aro1		ReplaceableTextures\CommandButtons\BTNAncientOfLore.blp	buildings\nightelf\AncientOfLore\AncientOfLore	1	155	145			900		2	fort	40	nightelf	4	1	foot		0.4	60			1	500	128	2.5	40	1	10	normal	WoodHeavyBash	ground,structure,debris,item,ward	anonymous MPQ SLK/INI + JASS crosscheck
eaom	战争古树	unit_or_structure	0						earc,esen,ebal	Abds,Aeat,Aro1		ReplaceableTextures\CommandButtons\BTNAncientOfTheEarth.blp	buildings\nightelf\AncientOfWar\AncientOfWar	1	150	60			1000		2	fort	40	nightelf	5	1	foot		0.4	60			1	500	128	2.5	44	1	11	normal	WoodHeavyBash	ground,structure,debris,item,ward	anonymous MPQ SLK/INI + JASS crosscheck
eaow	风之古树	unit_or_structure	0				etoa		ehip,edot,efdr	Abds,Aeat,Aro1		ReplaceableTextures\CommandButtons\BTNAncientOfTheMoon.blp	buildings\nightelf\AncientOfWind\AncientOfWind	1	150	140			900		2	fort	40	nightelf	3	1	foot		0.4	60			1	500	128	2.5	37	1	9	normal	WoodHeavyBash	ground,structure,debris,item,ward	anonymous MPQ SLK/INI + JASS crosscheck
earc	弓箭手	unit_or_structure	0							Aco2,Ashm,Aien,Ault		ReplaceableTextures\CommandButtons\BTNArcher.blp	units\nightelf\Archer\Archer	2	130	10		2	310			medium	270	nightelf	2	1	foot		0.6	60			1	800	500	1.5	15	1	3	pierce	_	ground,structure,debris,air,item,ward	anonymous MPQ SLK/INI + JASS crosscheck
eate	长者祭坛	unit_or_structure	0						Edem,Ekee,Emoo,Ewar	Abds		ReplaceableTextures\CommandButtons\BTNAltarOfElders.blp	buildings\nightelf\AltarOfElders\AltarOfElders		180	50			900		5	fort		nightelf	6	1	_			60										normal	_	_	anonymous MPQ SLK/INI + JASS crosscheck
ebal	投刃车	unit_or_structure	0				edob			Aimp,Ault		ReplaceableTextures\CommandButtons\BTNGlaiveThrower.blp	units\nightelf\Ballista\Ballista.mdl	2	210	65		3	300		2	large	220	nightelf	2	1	foot		0.4	30			1	1150	1150	3.5	38	1	12	siege	_	ground,structure,debris,wall,item,ward	anonymous MPQ SLK/INI + JASS crosscheck
echm	奇美拉	unit_or_structure	0							Acor,Alit,Ault		ReplaceableTextures\CommandButtons\BTNChimaera.blp	units\nightelf\Chimaera\Chimaera	5	330	70		5	1000		2	small	270	nightelf	3	1	fly	280	0.5	61			2	900	850	2.5	44	1	11	siege	_	structure,debris	anonymous MPQ SLK/INI + JASS crosscheck
edcm	利爪德鲁伊	unit_or_structure	0				etoa			Abrf,Ara2,Aien,Ault		ReplaceableTextures\CommandButtons\BTNBearForm.blp	units\nightelf\DruidoftheClaw\DruidoftheClaw	4	255	80		4	810	200	3	large	270	nightelf	6	1	foot		0.6	60			1	500	100	1.5	26	1	6	normal	WoodHeavyBash	ground,structure,debris,item,ward	anonymous MPQ SLK/INI + JASS crosscheck
eden	奇迹古树	unit_or_structure	0							Abds,Aall,Aeat,Aro1,Apit		ReplaceableTextures\CommandButtons\BTNAncientOfWonders.blp	buildings\nightelf\AncientOfWonder\AncientOfWonder	1	90	30			450		2	fort	40	nightelf	6	1	foot		0.4	60			1	500	128	2.5	20	1	5	normal	WoodHeavyBash	ground,structure,debris,item,ward	anonymous MPQ SLK/INI + JASS crosscheck
edob	猎手大厅	unit_or_structure	0				etol			Abds		ReplaceableTextures\CommandButtons\BTNHuntersHall.blp	buildings\nightelf\HuntersHall\HuntersHall		210	100			1100		5	fort		nightelf	1	1	_			60										normal	_	_	anonymous MPQ SLK/INI + JASS crosscheck
edoc	利爪德鲁伊	unit_or_structure	0				etoa			Abrf,Arej,Aroa,Aien,Ault		ReplaceableTextures\CommandButtons\BTNDruidOfTheClaw.blp	units\nightelf\DruidoftheClaw\DruidoftheClaw	4	255	80		4	430	200	1	large	270	nightelf	7	1	foot		0.6	60			1	500	100	1.5	18	1	4	normal	WoodHeavyBash	ground,structure,debris,item,ward	anonymous MPQ SLK/INI + JASS crosscheck
edos	奇美拉栖木	unit_or_structure	0				etoe,eaow		echm	Abds		ReplaceableTextures\CommandButtons\BTNChimaeraRoost.blp	buildings\nightelf\ChimaeraRoost\ChimaeraRoost		100	230			1200		5	fort		nightelf	2	1	_			60										normal	_	_	anonymous MPQ SLK/INI + JASS crosscheck
edot	猛禽德鲁伊	unit_or_structure	0							Acyc,Arav,Afae,Aien,Ault		ReplaceableTextures\CommandButtons\BTNDruidOfTheTalon.blp	units\nightelf\DruidoftheTalon\DruidoftheTalon	2	135	20		2	300	200		none	270	nightelf	5	1	foot		0.6	60			1	700	600	1.6	10	1	3	magic	_	ground,structure,debris,air,item,ward	anonymous MPQ SLK/INI + JASS crosscheck
edry	树妖	unit_or_structure	0							Aadm,Amim,Aspo,Aien,Ault		ReplaceableTextures\CommandButtons\BTNDryad.blp	units\nightelf\Dryad\Dryad	2	145	60		3	435	200		none	350	nightelf	4	1	foot		0.5	60			1	800	500	2	14	1	3	pierce	_	ground,structure,debris,air,item,ward	anonymous MPQ SLK/INI + JASS crosscheck
edtm	猛禽德鲁伊	unit_or_structure	0							Arav,Afa2,Ault		ReplaceableTextures\CommandButtons\BTNRavenForm.blp	units\nightelf\DruidoftheTalon\DruidoftheTalon	2	135	20		2	300	200		none	350	nightelf	3	1	fly	240	0.6	61			1	600	600	1.75	34	1	7	magic	_	air	anonymous MPQ SLK/INI + JASS crosscheck
efdr	精灵龙	unit_or_structure	0				eden			Amim,Amfl,Apsh,Ault		ReplaceableTextures\CommandButtons\BTNFaerieDragon.blp	units\nightelf\FaerieDragon\FaerieDragon	3	155	25		2	450	200		small	350	nightelf	8	1	fly	240	0.4	61			1	600	300	1.75	12	1	2	pierce	_	ground,structure,debris,air,item,ward	anonymous MPQ SLK/INI + JASS crosscheck
efon	树人	unit_or_structure	0							Ault		ReplaceableTextures\CommandButtons\BTNEnt.blp	units\nightelf\Ent\Ent	2					300			large	220	nightelf	1	1	foot		0.5	60			1	500	100	1.75	14	1	3	normal	WoodMediumBash	ground,structure,debris,item,ward	anonymous MPQ SLK/INI + JASS crosscheck
egol	被缠绕的金矿	unit_or_structure	0							Abds,Aenc,Slo2,Adri,Aegm		ReplaceableTextures\CommandButtons\BTNGoldMine.blp	buildings\nightelf\EntangledGoldMine\EntangledGoldMine						800		2	fort		nightelf	1	1	_			60										normal	_	_	anonymous MPQ SLK/INI + JASS crosscheck
ehip	角鹰兽	unit_or_structure	0							Aco3,Ault		ReplaceableTextures\CommandButtons\BTNHippogriff.blp	units\nightelf\Hippogryph\Hippogryph	2	160	20		2	525			none	400	nightelf	2	1	fly	240	0.4	61			1	500	128	1.05	49	1	8	normal	WoodMediumBash	air	anonymous MPQ SLK/INI + JASS crosscheck
ehpr	角鹰兽骑士	unit_or_structure	0							Adec,Ault		ReplaceableTextures\CommandButtons\BTNHippogriffRider.blp	units\nightelf\RiddenHippogryph\RiddenHippogryph	4	290	30		4	835			small	350	nightelf	2	1	fly	240	0.4	61			1	500	400	1.1	15	1	3	pierce	_	ground,structure,debris,air,item,ward	anonymous MPQ SLK/INI + JASS crosscheck
emow	月亮井	unit_or_structure	0							Abds,Ambt		ReplaceableTextures\CommandButtons\BTNMoonWell.blp	buildings\nightelf\MoonWell\MoonWell		180	40	10		600	300	5	fort		nightelf	2	1	_			60										normal	_	_	anonymous MPQ SLK/INI + JASS crosscheck
emtg	山岭巨人	unit_or_structure	0				etoa,eden			Atau,Agra,Arsk,Assk,Aien		ReplaceableTextures\CommandButtons\BTNMountainGiant.blp	units\nightelf\MountainGiant\MountainGiant	6	425	100		7	1400			medium	270	nightelf	8	1	foot		0.4	30			1	500	128	2.5	26	2	7	normal	WoodHeavyBash	ground,structure,debris,tree,wall,item,ward	anonymous MPQ SLK/INI + JASS crosscheck
esen	女猎手	unit_or_structure	0				edob			Aesn,Ashm,Amgl,Aien,Ault		ReplaceableTextures\CommandButtons\BTNHuntress.blp	units\nightelf\Huntress\Huntress	3	195	20		3	575		2	none	350	nightelf	3	1	foot		0.6	60			1	500	225	1.8	15	1	3	normal	MetalMediumSlice	ground,structure,debris,item,ward	anonymous MPQ SLK/INI + JASS crosscheck
espv	复仇天神	unit_or_structure	0							ACmi,Asp1,ACrk,Avng		ReplaceableTextures\CommandButtons\BTNSpiritOfVengeance.blp	units\nightelf\SpiritOfVengeance\SpiritOfVengeance	7					1200	400	2	large	320	nightelf	1	1	foot		0.6	60			1	500	450	1.35	24	1	12	normal	_	ground,structure,debris,air,item,ward	anonymous MPQ SLK/INI + JASS crosscheck
etoa	远古之树	unit_or_structure	0			etoe			ewsp	Aent,Aeat,Aro1,Abdl,Atol,Arlm		ReplaceableTextures\CommandButtons\BTNTreeOfAges.blp	buildings\nightelf\TreeofLife\TreeofLife	2	320	180	10		1700		2	fort	40	nightelf	7	1	foot		0.4	60			1	500	128	2.5	48	1	12	normal	WoodHeavyBash	ground,structure,debris,item,ward	anonymous MPQ SLK/INI + JASS crosscheck
etoe	永恒之树	unit_or_structure	0				eate		ewsp	Aent,Aeat,Aro1,Abdl,Atol,Arlm		ReplaceableTextures\CommandButtons\BTNTreeOfEternity.blp	buildings\nightelf\TreeofLife\TreeofLife	3	350	220	10		2000		2	fort	40	nightelf	8	1	foot		0.4	60			1	500	128	2.5	59	1	15	normal	WoodHeavyBash	ground,structure,debris,item,ward	anonymous MPQ SLK/INI + JASS crosscheck
etol	生命之树	unit_or_structure	0			etoa			ewsp	Aent,Aeat,Aro1,Abdl,Atol,Arlm		ReplaceableTextures\CommandButtons\BTNTreeOfLife.blp	buildings\nightelf\TreeofLife\TreeofLife	1	340	185	10		1300		2	fort	40	nightelf	6	1	foot		0.4	60			1	500	128	2.5	40	1	10	normal	WoodHeavyBash	ground,structure,debris,item,ward	anonymous MPQ SLK/INI + JASS crosscheck
etrp	远古守护者	unit_or_structure	0				edob			Abds,Aeat,Aro2		ReplaceableTextures\CommandButtons\BTNTreant.blp	buildings\nightelf\AncientProtector\AncientProtector	3	135	80			600		1	fort	40	nightelf	4	1	foot		0.4	60			3	700	128	1.5	25	1	8	normal	WoodHeavyBash	ground,structure,debris,item,ward	anonymous MPQ SLK/INI + JASS crosscheck
even	复仇之魂	unit_or_structure	0							Avul		ReplaceableTextures\CommandButtons\BTNAvengingWatcher.blp	units\nightelf\Vengeance\Vengeance	2					500		5	large	270	nightelf	1	1	foot		0.6	60			1	500	450	1.35	13	1	5	pierce	_	ground,structure,debris,air,item,ward	anonymous MPQ SLK/INI + JASS crosscheck
ewsp	小精灵	unit_or_structure	0					etol,emow,edos,eaom,eate,eaow,eaoe,edob,etrp,eden		Adtn,Aren,Awha,Ault		ReplaceableTextures\CommandButtons\BTNWisp.blp	units\nightelf\Wisp\Wisp	1	60			1	120			medium	270	nightelf	1	1	hover		0.6	60										normal	_	_	anonymous MPQ SLK/INI + JASS crosscheck
h001	농가	unit_or_structure	0			h00H			h01W,n002,n003,n004,H002	A00F,A008,A02D,A03Y		ReplaceableTextures\CommandButtons\BTNInn.blp	Doodads\LordaeronSummer\Structures\Inn\Inn.mdl		250		30		350		5	fort		human	1	1	_	20		60										normal	_	_	anonymous MPQ SLK/INI + JASS crosscheck
h003	울타리	unit_or_structure	0			h00L				Abds		ReplaceableTextures\CommandButtons\BTNHealingWard.blp	Doodads\Village\Props\Village_Fenceshort\Village_Fenceshort.mdl		5				200		1	fort		human	1	1	_			60										normal	_	_	anonymous MPQ SLK/INI + JASS crosscheck
h004	알 보관소	unit_or_structure	0			h00N	h001			A00F,A00E,A00L,A009		ReplaceableTextures\CommandButtons\BTNFarm.blp	buildings\human\Farm\Farm		250				100			fort		human	1	1	_			60										normal	_	_	anonymous MPQ SLK/INI + JASS crosscheck
h005	풍차	unit_or_structure	0				h00H			A00J,A01L,A02G		ReplaceableTextures\CommandButtons\BTNElvenFarm.blp	Doodads\LordaeronSummer\Structures\WindMill\WindMill.mdl		450	300	8		250	150	2	fort		human	1	1	_			60										normal	_	_	anonymous MPQ SLK/INI + JASS crosscheck
h006	대문	unit_or_structure	0							A00G		ReplaceableTextures\CommandButtons\BTNMageTower.blp	Doodads\LordaeronSummer\Terrain\Gate\Gate.mdl		50				300		7	fort		human	1	1	_			60										normal	_	_	anonymous MPQ SLK/INI + JASS crosscheck
h007	소형 가드 타워	unit_or_structure	0			h00Q	h00A			Abds		ReplaceableTextures\CommandButtons\BTNGuardTower.blp	buildings\human\HumanTower\HumanTower	1	250	100		1	300		6	medium		human	2	1	_			60			1	1150	750	0.9	34	1	5	pierce	_	structure,air,ward,debris,ground	anonymous MPQ SLK/INI + JASS crosscheck
h008	중형 아케인 타워	unit_or_structure	0			h017	h00C			Abds		ReplaceableTextures\CommandButtons\BTNHumanArcaneTower.blp	buildings\human\HumanTower\HumanTower	1	500	450		1	650		8	medium		human	2	1	_			60			1	1400	1000	0.7	56	1	15	chaos	_	structure,air,ward,debris,ground	anonymous MPQ SLK/INI + JASS crosscheck
h009	[용병]가드맨	unit_or_structure	0				h00H			Aihn		BanditBerserker.blp	BanditBerserker.mdl	2	700			1	1000		2	large	270	human	6	1	foot		0.6	60			1	500	90	1.35	8	1	2	normal	MetalMediumSlice	ground,structure,debris,item,ward	anonymous MPQ SLK/INI + JASS crosscheck
h00A	럼버 밀	lumber_income_building	0		70	h00J	h001			Abds,Arlm		ReplaceableTextures\CommandButtons\BTNHumanLumberMill.blp	buildings\human\HumanLumbermill\HumanLumbermill		350			3	150			fort		human	4	1	_			60										normal	_	_	anonymous MPQ SLK/INI + JASS crosscheck
h00B	블랙스미스	unit_or_structure	0				h001			Abds		ReplaceableTextures\CommandButtons\BTNBlacksmith.blp	buildings\human\Blacksmith\Blacksmith		300	150			300		5	fort		human	4	1	_			60										normal	_	_	anonymous MPQ SLK/INI + JASS crosscheck
h00C	워크샵	unit_or_structure	0				h00H		n005,h00U,h00P,n00Y	Abds		ReplaceableTextures\CommandButtons\BTNWorkshop.blp	buildings\human\Workshop\Workshop		800	500	10		700		5	fort		human	5	1	_			60										normal	_	_	anonymous MPQ SLK/INI + JASS crosscheck
h00D	스카우트 타워	unit_or_structure	0			h007,h016				Abds		ReplaceableTextures\CommandButtons\BTNHumanWatchTower.blp	buildings\human\HumanTower\HumanTower		125			1	275		5	medium		human	1	1	_			60			1	1050	650	1.05	21	1	3	pierce	_	structure,air,ward,debris,ground	anonymous MPQ SLK/INI + JASS crosscheck
h00E	시장	unit_or_structure	0			h01X				A00C,A00I,A00V,A00W,A02H,A03I,A03K,Apit		ReplaceableTextures\CommandButtons\BTNBlackMarket.blp	buildings\other\Marketplace\Marketplace.mdl		75				100			fort		human	4	1	_			60										normal	_	_	anonymous MPQ SLK/INI + JASS crosscheck
h00F	시체	unit_or_structure	0							_		ReplaceableTextures\CommandButtons\BTNFootman.blp	_	2	135			2	420		2	large	270	human	6	1	foot		0.6	60			1	500	90	1.35	11	1	2	normal	MetalMediumSlice	ground,structure,debris,item,ward	anonymous MPQ SLK/INI + JASS crosscheck
h00G	대문	unit_or_structure	0							A00G		ReplaceableTextures\CommandButtons\BTNMageTower.blp	Doodads\LordaeronSummer\Terrain\Gate\Gate.mdl		50				300		7	fort		human	1	1	fly			60										normal	_	_	anonymous MPQ SLK/INI + JASS crosscheck
h00H	마을회관	unit_or_structure	0			h015	H002		h01W,n002,n003,n004,H002	A00F,A008,A00O,A02D		ReplaceableTextures\CommandButtons\BTNTownHall.blp	buildings\human\TownHall\TownHall.mdl		400	200	50		600		7	fort		human	1	1	_			60										normal	_	_	anonymous MPQ SLK/INI + JASS crosscheck
h00I	?????	unit_or_structure	0							_		ReplaceableTextures\CommandButtons\BTNAssassin.blp	units\nightelf\herowarden\herowarden.mdl	2	135				420		2	large	270	human	6	1	foot		0.6	60				500	90	1.2	11	1	2	normal	MetalMediumSlice	ground,structure,debris,item,ward	anonymous MPQ SLK/INI + JASS crosscheck
h00J	럼버 밀[2단계]	lumber_income_building	0		110	h00W	h015			Abds,Arlm		ReplaceableTextures\CommandButtons\BTNHumanLumberMill.blp	buildings\human\HumanLumbermill\HumanLumbermill		750			3	150			fort		human	4	1	_			60										normal	_	_	anonymous MPQ SLK/INI + JASS crosscheck
h00K	돌 벽	unit_or_structure	0			h00Y	h00H			Abds		ReplaceableTextures\CommandButtons\BTNHealingWard.blp	Doodads\Cityscape\Structures\CityLowWall90\CityLowWall90.mdl		100	40			450		5	fort		human	1	1	_			60										normal	_	_	anonymous MPQ SLK/INI + JASS crosscheck
h00L	청동 울타리	unit_or_structure	0			h00K				Abds		ReplaceableTextures\CommandButtons\BTNHealingWard.blp	Doodads\Dungeon\Structures\PorticulisWall0_\PorticulisWall0_0.mdl		70				300		2	fort		human	1	1	_			60										normal	_	_	anonymous MPQ SLK/INI + JASS crosscheck
h00M	우물	unit_or_structure	0			h005	h001			A01L,A003		ReplaceableTextures\CommandButtons\BTNMoonWell.blp	Well.mdl		150		5		100	100		fort		human	1	1	_			60										normal	_	_	anonymous MPQ SLK/INI + JASS crosscheck
h00N	닭장	unit_or_structure	0			h00O	h00H			A00F,A00K,A00L,A00M,A00A		ReplaceableTextures\CommandButtons\BTNFarm.blp	buildings\human\Farm\Farm		700	300			200		2	fort		human	1	1	_			60										normal	_	_	anonymous MPQ SLK/INI + JASS crosscheck
h00O	훼리카나	unit_or_structure	0			h01Z	h00C			A02J,A00L,A00M,A00S,A00F,A042,A00P,A02D,A008		ReplaceableTextures\CommandButtons\BTNFarm.blp	buildings\human\Farm\Farm		800	500			400		4	fort		human	1	1	_			60										normal	_	_	anonymous MPQ SLK/INI + JASS crosscheck
h00P	플라잉 머신	unit_or_structure	0				h00B			A00Q,A008,A00R,A002		ReplaceableTextures\CommandButtons\BTNFlyingMachine.blp	units\human\Gyrocopter\Gyrocopter.mdl	1	1200	1200		3	150	100	2	large	400	human	2	1	fly	280	0.5	61			1	500	500	2.4	15	1	4	pierce	_	structure,air,ground	anonymous MPQ SLK/INI + JASS crosscheck
h00Q	중형 가드 타워	unit_or_structure	0			h00Z	h00H			Abds		ReplaceableTextures\CommandButtons\BTNGuardTower.blp	buildings\human\HumanTower\HumanTower	1	250	150		1	400		7	medium		human	2	1	_			60			1	1250	850	0.85	55	1	8	pierce	_	structure,air,ward,debris,ground	anonymous MPQ SLK/INI + JASS crosscheck
h00R	초대형 가드 타워	unit_or_structure	0			h01J	h015			A01S,Abds		ReplaceableTextures\CommandButtons\BTNGuardTower.blp	buildings\human\HumanTower\HumanTower	1	750	600		1	750		9	medium		human	2	1	_			60			1	1450	1050	0.9	70	1	16	pierce	_	structure,air,ward,debris,ground	anonymous MPQ SLK/INI + JASS crosscheck
h00S	스펠 브레이커	unit_or_structure	0				h00H			A016,A01C		ReplaceableTextures\CommandButtons\BTNSpellBreaker.blp	units\human\BloodElfSpellThief\BloodElfSpellThief	2	120	85		1	260	200		none	260	human	7	1	foot		0.6	60			1	600	500	1.4	20	1	5	magic	_	structure,air,ward,debris,ground	anonymous MPQ SLK/INI + JASS crosscheck
h00T	프리스트	unit_or_structure	0				h00H			A019,A017,A018,A01E		ReplaceableTextures\CommandButtons\BTNPriest.blp	units\human\Priest\Priest.mdl	3	190	130		1	300	300	1	none	260	human	7	1	foot		0.6	60			1	600	500	1.4	16	1	5	magic	_	structure,air,ward,debris,ground	anonymous MPQ SLK/INI + JASS crosscheck
h00U	모탈 팀	unit_or_structure	0				h00B			Afla,Afsh		ReplaceableTextures\CommandButtons\BTNMortarTeam.blp	units\human\MortarTeam\MortarTeam	3	600	500		3	350			large	240	human	5	1	foot		0.5	60			3	1400	1400	3.5	75	1	13	siege	_	ward,debris,ground	anonymous MPQ SLK/INI + JASS crosscheck
h00V	[용병]총병	unit_or_structure	0							Aihn		ReplaceableTextures\CommandButtons\BTNRifleman.blp	units\human\Rifleman\Rifleman	3	350			1	200			medium	270	human	2	1	foot		0.6	60			1	450	800	1.5	30	2	4	pierce	_	ground,structure,debris,air,item,ward	anonymous MPQ SLK/INI + JASS crosscheck
h00W	럼버 밀[3단계]	lumber_income_building	0		170		h01H			Abds,Arlm		ReplaceableTextures\CommandButtons\BTNHumanLumberMill.blp	buildings\human\HumanLumbermill\HumanLumbermill		1450			3	150			fort		human	4	1	_			60										normal	_	_	anonymous MPQ SLK/INI + JASS crosscheck
h00Y	마법의 결계	unit_or_structure	0			h014	h00C			Abds		ReplaceableTextures\CommandButtons\BTNHealingWard.blp	Doodads\Terrain\DalaranMagicalPenWall\DalaranMagicalPenWall.mdl		150	80			650		8	fort		human	1	1	_			60										normal	_	_	anonymous MPQ SLK/INI + JASS crosscheck
h00Z	대형 가드 타워	unit_or_structure	0			h00R	h00C			Abds		ReplaceableTextures\CommandButtons\BTNGuardTower.blp	buildings\human\HumanTower\HumanTower	1	350	250		1	550		8	medium		human	2	1	_			60			1	1350	950	0.8	62	1	11	pierce	_	structure,air,ward,debris,ground	anonymous MPQ SLK/INI + JASS crosscheck
h010	룬	unit_or_structure	0							Aloc		ReplaceableTextures\CommandButtons\BTNUnsummonBuilding.blp	Doodads\Cityscape\Props\MagicRunes\MagicRunes0.mdl	2	135			2	420		2	large		human	6	1	fly		0.6	60				500	90	1.35	11	1	2	normal	MetalMediumSlice	ground,structure,debris,item,ward	anonymous MPQ SLK/INI + JASS crosscheck
h011	깃발	unit_or_structure	0							Aloc		ReplaceableTextures\CommandButtons\BTNRallyPoint.blp	UI\Feedback\RallyPoint\RallyPoint.mdl	2	135			2	420		2	large		human	6	1	fly		0.6	60				500	90	1.35	11	1	2	normal	MetalMediumSlice	ground,structure,debris,item,ward	anonymous MPQ SLK/INI + JASS crosscheck
h014	악의 결계	unit_or_structure	0			h01D	h015			Abds		ReplaceableTextures\CommandButtons\BTNHealingWard.blp	Doodads\Icecrown\Props\IceTorch\IceTorch.mdl		150	250			850		11	fort		human	1	1	_			60										normal	_	_	anonymous MPQ SLK/INI + JASS crosscheck
h015	신전	unit_or_structure	0				h01X,h00C		n00E,n003,n004,H002,h01W	A00F,A008,A00O,A02D		ReplaceableTextures\CommandButtons\BTNAltarOfKings.blp	buildings\human\AltarofKings\AltarofKings.mdl		1200	1200	65		800		9	fort		human	1	1	_			60										normal	_	_	anonymous MPQ SLK/INI + JASS crosscheck
h016	소형 아케인 타워	unit_or_structure	0			h008	h00H			Abds		ReplaceableTextures\CommandButtons\BTNHumanArcaneTower.blp	buildings\human\HumanTower\HumanTower	1	400	350		1	400		7	medium		human	2	1	_			60			1	1300	900	0.7	35	1	11	chaos	_	structure,air,ward,debris,ground	anonymous MPQ SLK/INI + JASS crosscheck
h017	대형 아케인 타워	unit_or_structure	0			h01K	h015			Abds		ReplaceableTextures\CommandButtons\BTNHumanArcaneTower.blp	buildings\human\HumanTower\HumanTower	1	900	800		1	800		9	medium		human	2	1	_			60			1	1500	1100	0.7	84	1	18	chaos	_	structure,air,ward,debris,ground	anonymous MPQ SLK/INI + JASS crosscheck
h01D	봉인된 오벨리스크	unit_or_structure	0			h01G	h01H			Abds		ReplaceableTextures\CommandButtons\BTNHealingWard.blp	Doodads\Northrend\Props\NorthrendObilisk\NorthrendObilisk.mdl		250	300			1100		15	fort		human	1	1	_			60										normal	_	_	anonymous MPQ SLK/INI + JASS crosscheck
h01E	질병 워드	enemy_spawn	2	3669,3682						Aloc,A02M		ReplaceableTextures\CommandButtons\BTNPlagueCloud.blp	units\undead\PlagueCloud\PlagueCloud.mdl	2	135			2	20		2	large		human	6	1	fly		0.6	60				700	90	1.35	11	1	2	normal	MetalMediumSlice	ground,structure,debris,item,ward	anonymous MPQ SLK/INI + JASS crosscheck
h01F	질병	unit_or_structure	2	3600,3602						Aloc,A02L,A02N		ReplaceableTextures\CommandButtons\BTNPlagueCloud.blp	_	2	135			2	1		2	large		human	6	1	fly		0.6	60				500	90	1.35	11	1	2	normal	MetalMediumSlice	ground,structure,debris,item,ward	anonymous MPQ SLK/INI + JASS crosscheck
h01G	플라즈마 벽	unit_or_structure	0				h01H			Abds		ReplaceableTextures\CommandButtons\BTNHealingWard.blp	Doodads\Outland\Props\Grate\Grate0.mdl		350	400			1600		20	fort		human	1	1	_			60										normal	_	_	anonymous MPQ SLK/INI + JASS crosscheck
h01H	아케인 생텀	unit_or_structure	0				h015			Abds		ReplaceableTextures\CommandButtons\BTNArcaneSanctum.blp	buildings\human\ArcaneSanctum\ArcaneSanctum.mdl		2500	2500	10		1500		10	fort		human	5	1	_			60										normal	_	_	anonymous MPQ SLK/INI + JASS crosscheck
h01I	치킨 에비어리[미구현]	unit_or_structure	0				h00O			Abds		ReplaceableTextures\CommandButtons\BTNGryphonAviary.blp	buildings\human\GryphonAviary\GryphonAviary.mdl		10000000	10000000			300		5	fort		human	4	1	_			60										normal	_	_	anonymous MPQ SLK/INI + JASS crosscheck
h01J	칠흑의 가드 타워	unit_or_structure	0				h01H			A02P,Abds		ReplaceableTextures\CommandButtons\BTNGuardTower.blp	buildings\human\HumanTower\HumanTower	1	1000	1200		1	900		12	medium		human	2	1	_			60			1	1550	1150	0.9	100	1	20	pierce	_	structure,air,ward,debris,ground	anonymous MPQ SLK/INI + JASS crosscheck
h01K	초대형 아케인 타워	unit_or_structure	0				h01H			Abds		ReplaceableTextures\CommandButtons\BTNHumanArcaneTower.blp	buildings\human\HumanTower\HumanTower	1	1300	1000		1	1000		13	medium		human	2	1	_			60			1	1600	1200	0.7	118	1	21	chaos	_	structure,air,ward,debris,ground	anonymous MPQ SLK/INI + JASS crosscheck
h01L	나이트	unit_or_structure	0				h015			Adef,A01D		ReplaceableTextures\CommandButtons\BTNKnight.blp	units\human\Knight\Knight	4	450	150		1	600		5	large	350	human	3	1	horse		0.5	60			1	500	100	1.2	31	1	8	normal	MetalMediumSlice	structure,ward,debris,ground	anonymous MPQ SLK/INI + JASS crosscheck
h01P	에니매이트 데드이펙트	enemy_spawn	1	3487						Aloc		ReplaceableTextures\CommandButtons\BTNUnsummonBuilding.blp	war3mapImported\NatureExplosion.mdl	2	135			2	420		2	large		human	6	1	fly		0.6	60				500	90	1.35	11	1	2	normal	MetalMediumSlice	ground,structure,debris,item,ward	anonymous MPQ SLK/INI + JASS crosscheck
h01Q	불터	unit_or_structure	0			h005				A01L,A02X		ReplaceableTextures\CommandButtons\BTNStasisTrap.blp	Doodads\Northrend\Props\FirePitPig\FirePitPig.mdl				4		100	100		fort		human	1	1	_			60										normal	_	_	anonymous MPQ SLK/INI + JASS crosscheck
h01R	행상인 (미구현)	unit_or_structure	0							Aneu,Avul,Apit		ReplaceableTextures\CommandButtons\BTNAcolyte.blp	units\undead\Acolyte\Acolyte.mdl	2	135				420		2	large	270	human	6	1	foot		0.6	60				500	90	1.2	11	1	2	normal	MetalMediumSlice	ground,structure,debris,item,ward	anonymous MPQ SLK/INI + JASS crosscheck
h01S	글레이브 스로워	unit_or_structure	0							S000,A01C,A031		ReplaceableTextures\CommandButtons\BTNGlaiveThrower.blp	units\nightelf\Ballista\Ballista_V1.mdl	2	200	300			1500		5	fort	200	human	3	1	foot		0.4	30			1	500	192	2.1	10	2	11	siege	_	structure,debris	anonymous MPQ SLK/INI + JASS crosscheck
h01T	트렌스 포트	unit_or_structure	0						h01S,h01U	_		ReplaceableTextures\CommandButtons\BTNBearDen.blp	buildings\other\BarrowDens\BarrowDens.mdl		400	300			600		5	fort		human	9	1	_			60										normal	_	_	anonymous MPQ SLK/INI + JASS crosscheck
h01U	고블린 제플린	unit_or_structure	0				R004,h00C			Sch3,S001,A034,A031		ReplaceableTextures\CommandButtons\BTNGoblinZeppelin.blp	units\creeps\GoblinZeppelin\GoblinZeppelin.mdl	2	800	2000			400			small	300	human	3	1	fly	280	0.4	30				500	192	2.1	44	1	11	siege	_	structure,debris	anonymous MPQ SLK/INI + JASS crosscheck
h01V	발전기	unit_or_structure	0				h00B			Abds		ReplaceableTextures\CommandButtons\BTNPowerGenerator.blp	buildings\other\PowerGenerator\PowerGenerator.mdl		700	600			500		5	fort		human	4	1	_			60										normal	_	_	anonymous MPQ SLK/INI + JASS crosscheck
h01W	와이번	unit_or_structure	0							Sch3,S002,A034,A031		ReplaceableTextures\CommandButtons\BTNWyvern.blp	units\orc\RiderlessWyvern\RiderlessWyvern.mdl	2	150	50		1	50			small	250	human	3	1	fly	240	0.4	30				500	192	2.1	44	1	11	siege	_	air	anonymous MPQ SLK/INI + JASS crosscheck
h01X	대형 시장	unit_or_structure	0				h005			A03P,A03Q,A03R,A03S,A02H,A03I,A03K,Apit		ReplaceableTextures\CommandButtons\BTNBlackMarket.blp	buildings\other\Marketplace\Marketplace.mdl		500	150			250		2	fort		human	4	1	_			60										normal	_	_	anonymous MPQ SLK/INI + JASS crosscheck
h01Y	영혼	unit_or_structure	1	3524						Aloc		ReplaceableTextures\CommandButtons\BTNFireBolt.blp	Objects\Spawnmodels\Undead\UndeadDissipate\UndeadDissipate.mdl	2					500000		2	large		human	0	1			0.1	60				500				1		unknown	MetalMediumSlice	none	anonymous MPQ SLK/INI + JASS crosscheck
h01Z	서양식양계장	unit_or_structure	0				h015			A02J,A00L,A00M,A00S,A00F,A043,A03O,A00P,A008		ReplaceableTextures\CommandButtons\BTNFarm.blp	buildings\human\Farm\Farm		1200	800			600		6	fort		human	1	1	_			60										normal	_	_	anonymous MPQ SLK/INI + JASS crosscheck
h020	레인 오브 파이어	unit_or_structure	0							A03D,Aloc		ReplaceableTextures\CommandButtons\BTNFireBolt.blp	Abilities\Spells\Human\FlameStrike\FlameStrikeTarget.mdl	2					500000		2	large		human	0	1			0.1	60				800				2		unknown	MetalMediumSlice	none	anonymous MPQ SLK/INI + JASS crosscheck
h021	링 오브 파이어	unit_or_structure	1	3453						A03D,Aloc		ReplaceableTextures\CommandButtons\BTNFireBolt.blp	Abilities\Spells\Human\FlameStrike\FlameStrikeTarget.mdl	2					500000		2	large		human	0	1			0.1	60				800				2		unknown	MetalMediumSlice	none	anonymous MPQ SLK/INI + JASS crosscheck
h024	@#.저자두임치트넣으면님안볼꺼	unit_or_structure	0					htow,hhou,hbar,hbla,hwtw,halt,harm,hars,hlum,hgra,hvlt		Ahar,Amil,Ahrp		ReplaceableTextures\CommandButtons\BTNPeasant.blp	units\human\Peasant\Peasant	1	75			1	220			medium	190	human	1	1	foot		0.6	60			3	500	90	2	4	1	2	normal	MetalLightChop	ground,structure,debris,item,ward	anonymous MPQ SLK/INI + JASS crosscheck
h026	용병소	unit_or_structure	0				h001		h009,h00V,hrtt	Abds		ReplaceableTextures\CommandButtons\BTNHumanBarracks.blp	buildings\human\HumanBarracks\HumanBarracks		350	100			600		5	fort		human	9	1	_			60										normal	_	_	anonymous MPQ SLK/INI + JASS crosscheck
halt	앝터오브킹	unit_or_structure	0						Hamg,Hmkg,Hpal,Hblm	Abds		ReplaceableTextures\CommandButtons\BTNAltarOfKings.blp	buildings\human\AltarofKings\AltarofKings		180	50			900		5	fort		human	5	1	_			60										normal	_	_	anonymous MPQ SLK/INI + JASS crosscheck
harm	workshop	unit_or_structure	0							Abds			buildings\human\Workshop\Workshop		140	140			1200		5	fort		human	5	1	_			60										normal	_	_	anonymous MPQ SLK/INI + JASS crosscheck
hars	아케인 생텀	unit_or_structure	0				hkee		hmpr,hsor,hspt	Abds		ReplaceableTextures\CommandButtons\BTNArcaneSanctum.blp	buildings\human\ArcaneSanctum\ArcaneSanctum		150	140			1050		5	fort		human	5	1	_			60										normal	_	_	anonymous MPQ SLK/INI + JASS crosscheck
hatw	타워3	unit_or_structure	0							Abds,Afbt,AHta,Adts		ReplaceableTextures\CommandButtons\BTNHumanArcaneTower.blp	buildings\human\HumanTower\HumanTower	1	80	60			500		5	large		human	2	1	_			60			1	700	700	1	7	1	3	normal	_	ground,structure,debris,air,item,ward	anonymous MPQ SLK/INI + JASS crosscheck
hbar	[배럭]	unit_or_structure	0						hfoo,hrif,hkni	Abds		ReplaceableTextures\CommandButtons\BTNHumanBarracks.blp	buildings\human\HumanBarracks\HumanBarracks		160	60			1500		5	fort		human	9	1	_			60										normal	_	_	anonymous MPQ SLK/INI + JASS crosscheck
hbla	[다장간]	unit_or_structure	0				htow			Abds		ReplaceableTextures\CommandButtons\BTNBlacksmith.blp	buildings\human\Blacksmith\Blacksmith		140	60			1200		5	fort		human	4	1	_			60										normal	_	_	anonymous MPQ SLK/INI + JASS crosscheck
hcas	캐슬2	unit_or_structure	0				halt		hpea	Abdl,Amic,Argl		ReplaceableTextures\CommandButtons\BTNCastle.blp	buildings\human\TownHall\TownHall		380	230	12		2500		5	fort		human	8	1	_			60										normal	_	_	anonymous MPQ SLK/INI + JASS crosscheck
hcth	캡틴	unit_or_structure	0							Aihn		ReplaceableTextures\CommandButtons\BTNTheCaptain.blp	units\human\TheCaptain\TheCaptain	6	130				600		3	large	270	human	8	1	foot		0.6	60			1	500	100	1	19	1	2	normal	MetalMediumSlice	ground,structure,debris,item,ward	anonymous MPQ SLK/INI + JASS crosscheck
hctw	타워2	unit_or_structure	0				harm			Abds,Adts		ReplaceableTextures\CommandButtons\BTNCannonTower.blp	buildings\human\HumanTower\HumanTower	1	170	100			600		5	fort		human	3	1	_			60			3	800	800	2.5	89	1	22	siege	_	ground,debris,tree,wall,ward,item	anonymous MPQ SLK/INI + JASS crosscheck
hdes	휴먼 프리깃함	unit_or_structure	0							_		ReplaceableTextures\CommandButtons\BTNHumanDestroyer.blp	units\creeps\HumanDestroyerShip\HumanDestroyerShip	4	1700				575			small	350	human	2	1	float		0.2	15			1	650	600	1.5	54	1	15	normal	_	ground,structure,debris,air,item,ward	anonymous MPQ SLK/INI + JASS crosscheck
hdhw	드래곤 호크라이더	unit_or_structure	0				hvlt			Aclf,Amls		ReplaceableTextures\CommandButtons\BTNDragonHawk.blp	units\human\BloodElfDragonHawk\BloodElfDragonHawk	5	235	40		3	575	300	1	small	350	human	4	1	fly	240	0.4	61			1	600	300	1.75	18	1	3	pierce	_	ground,structure,debris,air,item,ward	anonymous MPQ SLK/INI + JASS crosscheck
hfoo	footman	unit_or_structure	0							Adef,Aihn			units\human\Footman\Footman	2	135			2	420		2	large	270	human	6	1	foot		0.6	60			1	500	90	1.35	11	1	2	normal	MetalMediumSlice	ground,structure,debris,item,ward	anonymous MPQ SLK/INI + JASS crosscheck
hgra	그리폰 머머	unit_or_structure	0				hcas,hlum		hgry,hdhw	Abds		ReplaceableTextures\CommandButtons\BTNGryphonAviary.blp	buildings\human\GryphonAviary\GryphonAviary		120	240			1200		5	fort		human	5	1	_			60										normal	_	_	anonymous MPQ SLK/INI + JASS crosscheck
hgry	그리폰 라이더	unit_or_structure	0							Asth		ReplaceableTextures\CommandButtons\BTNGryphonRider.blp	units\human\GryphonRider\GryphonRider	5	280	70		4	825			small	320	human	2	1	fly	240	0.4	61			3	500	450	2.2	44	1	11	pierce	_	ground,structure,debris,item,ward	anonymous MPQ SLK/INI + JASS crosscheck
hgtw	팜2	unit_or_structure	0				hlum			Abds,Adts		ReplaceableTextures\CommandButtons\BTNGuardTower.blp	buildings\human\HumanTower\HumanTower	1	80	60			500		5	large		human	2	1	_			60			1	700	700	0.9	22	1	5	pierce	_	ground,structure,debris,air,item,ward	anonymous MPQ SLK/INI + JASS crosscheck
hgyr	플라잉 머신	unit_or_structure	0							Agyb,Agyv,Aflk		ReplaceableTextures\CommandButtons\BTNFlyingMachine.blp	units\human\Gyrocopter\Gyrocopter.mdl	1	90	30		1	175		2	large	400	human	2	1	fly	280	0.5	61			1	500	500	2	6	1	2	pierce	_	air	anonymous MPQ SLK/INI + JASS crosscheck
hhou	팜	unit_or_structure	0							Abds		ReplaceableTextures\CommandButtons\BTNFarm.blp	buildings\human\Farm\Farm		80	20	6		500		5	fort		human	1	1	_			60										normal	_	_	anonymous MPQ SLK/INI + JASS crosscheck
hkee	keep	unit_or_structure	0							Abdl,Amic,Argl			buildings\human\TownHall\TownHall		320	210	12		2000		5	fort		human	7	1	_			60										normal	_	_	anonymous MPQ SLK/INI + JASS crosscheck
hkni	나이트	unit_or_structure	0				h00C			Aihn		ReplaceableTextures\CommandButtons\BTNKnight.blp	units\human\Knight\Knight	4	900	60			720		5	large	410	human	3	1	horse		0.5	60			1	500	100	1.5	32	2	5	normal	MetalMediumSlice	ground,structure,debris,item,ward	anonymous MPQ SLK/INI + JASS crosscheck
hlum	럼버.밀	unit_or_structure	0							Abds,Arlm		ReplaceableTextures\CommandButtons\BTNHumanLumberMill.blp	buildings\human\HumanLumbermill\HumanLumbermill		145				900		5	fort		human	4	1	_			60										normal	_	_	anonymous MPQ SLK/INI + JASS crosscheck
hmil	밀리샤	unit_or_structure	0					htow,hhou,hbar,hbla,hwtw,halt,harm,hars,hlum,hgra,hvlt		Ahar,Amil,Ahrp		ReplaceableTextures\CommandButtons\BTNMilitia.blp	units\human\Militia\Militia	2	75			1	220		4	large	270	human	1	1	foot		0.6	60			1	500	90	1.2	11	1	2	normal	MetalMediumSlice	ground,structure,debris,item,ward	anonymous MPQ SLK/INI + JASS crosscheck
hmpr	프리스트	unit_or_structure	0							Ahea,Ainf,Adis,Aihn		ReplaceableTextures\CommandButtons\BTNPriest.blp	units\human\Priest\Priest.mdl	2	135	10		2	290	200		none	270	human	7	1	foot		0.6	60			1	600	600	2	7	1	2	magic	_	ground,structure,debris,air,item,ward	anonymous MPQ SLK/INI + JASS crosscheck
hmtm	모탈 팀	unit_or_structure	0							Afla,Afsh		ReplaceableTextures\CommandButtons\BTNMortarTeam.blp	units\human\MortarTeam\MortarTeam	2	180	70		3	360			large	270	human	5	1	foot		0.5	60			3	1150	1150	3.5	51	1	13	siege	_	ground,debris,tree,wall,item,ward	anonymous MPQ SLK/INI + JASS crosscheck
hmtt	시즈탱크	unit_or_structure	0				hcas			Srtt,Aroc		ReplaceableTextures\CommandButtons\BTNSeigeEngine.blp	units\human\WarWagon\WarWagon.mdl	2	195	60		3	700		2	fort	220	human	3	1	foot		0.4	30			1	500	192	2.1	44	1	11	siege	_	structure,debris	anonymous MPQ SLK/INI + JASS crosscheck
hpea	일꾼	unit_or_structure	0					htow,hhou,hbar,hbla,hwtw,halt,harm,hars,hlum,hgra,hvlt		Ahar,Amil,Ahrp		ReplaceableTextures\CommandButtons\BTNPeasant.blp	units\human\Peasant\Peasant	1	75			1	220			medium	190	human	1	1	foot		0.6	60			3	500	90	2	4	1	2	normal	MetalLightChop	ground,structure,debris,item,ward	anonymous MPQ SLK/INI + JASS crosscheck
hphx	피닉스	unit_or_structure	0							Aphx,ACmi,ACrk,Apxf		ReplaceableTextures\CommandButtons\BTNMarkOfFire.blp	units\human\phoenix\phoenix						1250		1	small	320	human	2	1	fly	240	0.4	61			1	600	600	1.4	60	1	15	magic	_	ground,structure,debris,air,item,ward	anonymous MPQ SLK/INI + JASS crosscheck
hpxe	피닉스 에그	unit_or_structure	0							Aphx,ACrk,ACmi		ReplaceableTextures\CommandButtons\BTNPhoenixEgg.blp	units\human\phoenix\phoenix	6					200			large		human	1	1	foot			60										normal	_	_	anonymous MPQ SLK/INI + JASS crosscheck
hrtt	[용병]환크	unit_or_structure	0				h00C			_		ReplaceableTextures\CommandButtons\BTNSeigeEngineWithMissles.blp	GoblinSHTRevilgaz.mdl	2	1700			7	2200		2	fort	220	human	3	1	foot		0.4	30			1	850	1000	2.1	107	1	11	pierce	_	structure,enemies,neutral,ground,vulnerable,friend,player	anonymous MPQ SLK/INI + JASS crosscheck
hsor	소서리스	unit_or_structure	0							Aivs,Aply,Aslo,Aihn		ReplaceableTextures\CommandButtons\BTNSorceress.blp	units\human\Sorceress\Sorceress.mdl	2	155	20		2	325	200		none	270	human	8	1	hover		0.6	60			1	700	600	1.75	7	1	3	magic	_	ground,structure,debris,air,item,ward	anonymous MPQ SLK/INI + JASS crosscheck
hspt	스펠 브레이커	unit_or_structure	0				hvlt,hkee			Asps,Acmg,Amim,Afbk,Aihn		ReplaceableTextures\CommandButtons\BTNSpellBreaker.blp	units\human\BloodElfSpellThief\BloodElfSpellThief	3	215	30		3	650	250	3	large	300	human	7	1	foot		0.6	60			1	700	250	1.9	12	1	3	normal	_	ground,structure,debris,item,ward	anonymous MPQ SLK/INI + JASS crosscheck
htow	캐슬3	unit_or_structure	0			hkee			hpea	Abdl,Amic,Argl		ReplaceableTextures\CommandButtons\BTNTownHall.blp	buildings\human\TownHall\TownHall		385	205	12		1500		5	fort		human	6	1	_			60										normal	_	_	anonymous MPQ SLK/INI + JASS crosscheck
hvlt	아게인 볼트	unit_or_structure	0							Abds,Aall,Apit		ReplaceableTextures\CommandButtons\BTNArcaneVault.blp	buildings\human\ArcaneVault\ArcaneVault		130	30			485		5	fort		human	1	1	_			60				500						normal	_	_	anonymous MPQ SLK/INI + JASS crosscheck
hwat	워터 엘리멘탈	unit_or_structure	0							_		ReplaceableTextures\CommandButtons\BTNSummonWaterElemental.blp	units\human\WaterElemental\WaterElemental	4					450			large	220	human	1	1	foot		0.5	60			1	500	300	1.5	19	2	5	pierce	_	ground,structure,air,debris,item,ward	anonymous MPQ SLK/INI + JASS crosscheck
hwt2	워터 엘리멘탈	unit_or_structure	0							_		ReplaceableTextures\CommandButtons\BTNSummonWaterElemental.blp	units\human\WaterElemental\WaterElemental	5					675		1	large	220	human	1	1	foot		0.5	60			1	500	300	1.5	29	2	5	pierce	_	ground,structure,air,debris,item,ward	anonymous MPQ SLK/INI + JASS crosscheck
hwt3	워터 엘리멘탈	unit_or_structure	0							_		ReplaceableTextures\CommandButtons\BTNSummonWaterElemental.blp	units\human\WaterElemental\WaterElemental	6					900		2	large	220	human	1	1	foot		0.5	60			1	500	300	1.5	39	2	5	pierce	_	ground,structure,air,debris,item,ward	anonymous MPQ SLK/INI + JASS crosscheck
hwtw	타워	unit_or_structure	0			hgtw,hctw,hatw				Abds,Adts		ReplaceableTextures\CommandButtons\BTNHumanWatchTower.blp	buildings\human\HumanTower\HumanTower		30	20			500		5	small		human	1	1	_			60										normal	_	_	anonymous MPQ SLK/INI + JASS crosscheck
n000	닭	shop_or_neutral_spawn	8	2518,2522,3271,3545,8296,8301,8419,8424						A00H,A000,Awan		ReplaceableTextures\CommandButtons\BTNCritterChicken.blp	units\critters\EasterChicken\EasterChicken	1					40	100		medium	100	critters	1	1	foot		0.5	60				80						normal	_	_	anonymous MPQ SLK/INI + JASS crosscheck
n001	观察守卫	unit_or_structure	0							A007,Aloc		ReplaceableTextures\CommandButtons\BTNSentryWard.blp	_						200			medium		orc	1	1	foot			60										normal	_	_	anonymous MPQ SLK/INI + JASS crosscheck
n002	개	unit_or_structure	1	1736						A009,A002		ReplaceableTextures\CommandButtons\BTNWolf.blp	units\critters\BrownWolf\BrownWolf	1	150	50		1	600	30	7	large	290	critters	1	1	foot		0.5	60			1	500	85	0.95	35	1	2	normal	WoodMediumBash	structure,ward,debris,ground	anonymous MPQ SLK/INI + JASS crosscheck
n003	아들	unit_or_structure	0				H002	h01T,h00D,h004,h006,h00M,h01V,h003,h00A,h00E		A028,Ahrp,A005,A008		ReplaceableTextures\CommandButtons\BTNElfVillager.blp	units\critters\HighElfPeasant\HighElfPeasant	1	400			1	320	35	4	medium	220	human	1	1	foot		0.5	60			1	500	90	2	14	1	2	normal	MetalLightChop	structure,ward,debris,ground	anonymous MPQ SLK/INI + JASS crosscheck
n004	딸	unit_or_structure	0				H002			A001,A02K,A00U,A002,A008		ReplaceableTextures\CommandButtons\BTNVillagerWoman.blp	HSF.mdl	1	300			1	200	70		none	220	human	1	1	foot		0.5	60			3	500	90	2	6	1	2	normal	MetalLightChop	ground,structure,debris,item,ward	anonymous MPQ SLK/INI + JASS crosscheck
n005	로보 고블린	unit_or_structure	0							A00Y,A032		ReplaceableTextures\CommandButtons\BTNClockWerkGoblin.blp	Units\Creeps\HeroTinkerRobot\HeroTinkerRobot.mdl	1	600	400			250		10	large	200	human	1	1	foot		0.5	60			3	600	90	1	14	1	3	normal	MetalLightChop	structure,ward,debris,ground	anonymous MPQ SLK/INI + JASS crosscheck
n006	대형 마켓	unit_or_structure	0							A02F,Aneu,Avul,Apit		ReplaceableTextures\CommandButtons\BTNBlackMarket.blp	buildings\other\Marketplace\Marketplace.mdl		50				150000			fort		other	1	1	_			60				500						normal	_	_	anonymous MPQ SLK/INI + JASS crosscheck
n007	팀버 울프	wolf_enemy	0							_		ReplaceableTextures\CommandButtons\BTNTimberWolf.blp	units\creeps\TimberWolf\TimberWolf	1	120	10		2	450			large	330	creeps	1	1	foot		0.6	60			1	500	100	1.35	11	1	2	normal	WoodMediumBash	ground,structure,debris,item,ward	anonymous MPQ SLK/INI + JASS crosscheck
n008	프로스트 울프	wolf_enemy	0							_		ReplaceableTextures\CommandButtons\BTNTimberWolf.blp	units\creeps\WhiteWolf\WhiteWolf	1	120	10		2	600		1	large	330	creeps	1	1	foot		0.6	60			1	500	100	1.35	17	1	3	normal	WoodMediumBash	ground,structure,debris,item,ward	anonymous MPQ SLK/INI + JASS crosscheck
n009	자이언트 울프	wolf_enemy	0							_		ReplaceableTextures\CommandButtons\BTNTimberWolf.blp	units\creeps\TimberWolf\TimberWolf	2	205	30		3	700		1	large	330	creeps	1	1	foot		0.6	60			1	500	90	1.35	20	1	4	normal	WoodMediumBash	ground,structure,debris,item,ward	anonymous MPQ SLK/INI + JASS crosscheck
n00A	자이언트 프로스트 울프	unit_or_structure	0							_		ReplaceableTextures\CommandButtons\BTNTimberWolf.blp	units\creeps\WhiteWolf\WhiteWolf	2	205	30		3	800		2	large	330	creeps	1	1	foot		0.6	60			1	500	90	1.35	23	1	5	normal	WoodMediumBash	ground,structure,debris,item,ward	anonymous MPQ SLK/INI + JASS crosscheck
n00B	다이어 울프	unit_or_structure	0							_		ReplaceableTextures\CommandButtons\BTNDireWolf.blp	units\creeps\DireWolf\DireWolf	3	290	80		5	700		2	large	330	creeps	1	1	foot		0.6	60			1	500	90	1.35	26	1	6	normal	MetalMediumChop	ground,structure,debris,item,ward	anonymous MPQ SLK/INI + JASS crosscheck
n00C	다이어 프로스트 울프	unit_or_structure	0							ACct		ReplaceableTextures\CommandButtons\BTNTimberWolf.blp	units\creeps\WhiteWolf\WhiteWolf	3	290	80		5	750		3	large	330	creeps	1	1	foot		0.6	60			1	500	90	1.35	28	1	7	normal	WoodMediumBash	ground,structure,debris,item,ward	anonymous MPQ SLK/INI + JASS crosscheck
n00D	늑대의 돌	unit_or_structure	0							A029,A027,Avul		ReplaceableTextures\CommandButtons\BTNResStone.blp	Doodads\Cinematic\RessurectionStoneSW\RessurectionStoneSW		50				9000		15	fort		other	1	1	_			60										normal	_	_	anonymous MPQ SLK/INI + JASS crosscheck
n00E	큰 개	unit_or_structure	0							A04J,A009,ACct,A002		ReplaceableTextures\CommandButtons\BTNWolf.blp	war3mapImported\Hyena.mdl	1	2200	500		1	1700	50	9	large	330	critters	1	1	foot		0.5	60			1	500	90	1.2	80	1	6	normal	WoodMediumBash	structure,ward,debris,ground	anonymous MPQ SLK/INI + JASS crosscheck
n00F	아처	unit_or_structure	0				h00A			Ashm,A013		ReplaceableTextures\CommandButtons\BTNHighElvenArcher.blp	units\creeps\HighElfArcher\HighElfArcher	2	130	30		1	230			medium	270	human	2	1	foot		0.6	60			1	700	600	1.2	24	1	5	pierce	_	structure,air,ward,debris,ground	anonymous MPQ SLK/INI + JASS crosscheck
n00G	스피릿 울프	unit_or_structure	0							_		ReplaceableTextures\CommandButtons\BTNSpiritWolf.blp	units\orc\Spiritwolf\Spiritwolf.mdl	4	290	80		5	1900		5	large	330	creeps	1	1	foot		0.6	60			1	500	90	1.35	50	1	13	normal	WoodMediumBash	ground,structure,debris,item,ward	anonymous MPQ SLK/INI + JASS crosscheck
n00H	메디브	unit_or_structure	0				h00H			A016,A01A,A030,A01B		ReplaceableTextures\CommandButtons\BTNMedivh.blp	units\creeps\Medivh\Medivh	3	200	120		1	350	300	1	none	260	human	6	1	foot		0.6	60			1	600	500	1.4	27	1	9	magic	_	structure,air,ward,debris,ground	anonymous MPQ SLK/INI + JASS crosscheck
n00I	다이어 울프	unit_or_structure	0							_		ReplaceableTextures\CommandButtons\BTNSpiritWolf.blp	units\orc\Spiritwolf\Spiritwolf.mdl	5	290	80		5	2200		5	large	330	creeps	1	1	foot		0.6	60			1	500	90	1.35	56	1	15	normal	WoodMediumBash	ground,structure,debris,item,ward	anonymous MPQ SLK/INI + JASS crosscheck
n00J	쉐도우 울프	unit_or_structure	0							_		ReplaceableTextures\CommandButtons\BTNSpiritWolf.blp	war3mapImported\Werewolf.mdl	6	290	80		5	2700		6	large	330	creeps	1	1	foot		0.6	60			1	500	90	1.35	62	1	17	normal	WoodMediumBash	ground,structure,debris,item,ward	anonymous MPQ SLK/INI + JASS crosscheck
n00K	펠 비스트	unit_or_structure	0							_		ReplaceableTextures\CommandButtons\BTNPurpleFelhound.blp	units\creeps\FelstalkerPurple\FelstalkerPurple	7	125			2	700		7	large	350	creeps	1	1	foot		0.5	60			1	500	100	1.35	80	1	20	normal	WoodMediumBash	ground,structure,debris,item,ward	anonymous MPQ SLK/INI + JASS crosscheck
n00L	펠 스토커	unit_or_structure	0							_		ReplaceableTextures\CommandButtons\BTNFelHound.blp	units\demon\felhound\felhound.mdl	8	255	50		4	6500		8	large	350	demon	1	1	foot		0.5	60			1	500	100	1.35	95	1	24	normal	WoodMediumBash	ground,structure,debris,item,ward	anonymous MPQ SLK/INI + JASS crosscheck
n00M	펠 래비저	unit_or_structure	0							A02I		ReplaceableTextures\CommandButtons\BTNPurpleFelhound.blp	units\creeps\FelstalkerPurple\FelstalkerPurple	9	255	50		4	7500		9	large	350	creeps	1	1	foot		0.5	60			1	500	100	1.35	110	1	28	normal	WoodMediumBash	ground,structure,debris,item,ward	anonymous MPQ SLK/INI + JASS crosscheck
n00N	난이도 (어려움)	enemy_spawn	1	5627						A01I,Aloc		ReplaceableTextures\CommandButtons\BTNSentryWard.blp	_						200			medium		orc	1	1	foot			60										normal	_	_	anonymous MPQ SLK/INI + JASS crosscheck
n00O	난이도 (스페셜)	enemy_spawn	1	5632						A01M,Aloc		ReplaceableTextures\CommandButtons\BTNSentryWard.blp	_						200			medium		orc	1	1	foot			60										normal	_	_	anonymous MPQ SLK/INI + JASS crosscheck
n00P	난이도 (크레이지)	enemy_spawn	1	5637						A01N,A01O,Aloc		ReplaceableTextures\CommandButtons\BTNSentryWard.blp	_						200			medium		orc	1	1	foot			60										normal	_	_	anonymous MPQ SLK/INI + JASS crosscheck
n00Q	사악한 인페르날	unit_or_structure	0							A01R,ACmi,A023,ACrk		ReplaceableTextures\CommandButtons\BTNInfernal.blp	war3mapImported\AncientOfStone(heavy).mdl	8	385	120		6	20000		35	large	320	demon	1	1	foot		0.4	60			1	500	100	2.5	200	2	100	chaos	RockHeavyBash	ground,structure,debris,item,ward,tree	anonymous MPQ SLK/INI + JASS crosscheck
n00R	브리갠드	unit_or_structure	0							_		ReplaceableTextures\CommandButtons\BTNBanditSpearThrower.blp	units\creeps\BanditSpearThrower\BanditSpearThrower	3	300	250		1	500		5	large	270	creeps	1	1	foot		0.5	60			1	600	500	1.6	32	1	15	pierce	_	structure,air,ward,debris,ground	anonymous MPQ SLK/INI + JASS crosscheck
n00S	난이도 (매드)	enemy_spawn	1	5642						A01Y,A01Z,A01X,Aloc		ReplaceableTextures\CommandButtons\BTNSentryWard.blp	_						200			medium		orc	1	1	foot			60										normal	_	_	anonymous MPQ SLK/INI + JASS crosscheck
n00T	난이도 (임파서블)	enemy_spawn	1	5647						A022,A021,A020,Aloc		ReplaceableTextures\CommandButtons\BTNSentryWard.blp	_						200			medium		orc	1	1	foot			60										normal	_	_	anonymous MPQ SLK/INI + JASS crosscheck
n00U	다크가드	unit_or_structure	0							A02I,A024		ReplaceableTextures\CommandButtons\BTNFelGuard.blp	war3mapImported\BrownBalverine.mdl	10	135			2	14000		10	hero	330	creeps	1	1	foot		0.6	60			1	500	100	1.35	130	1	32	normal	MetalHeavyChop	ground,structure,debris,item,ward	anonymous MPQ SLK/INI + JASS crosscheck
n00V	슈픽쿠타	unit_or_structure	0							A02I		ReplaceableTextures\CommandButtons\BTNFelGuard.blp	war3mapImported\BrownBalverine.mdl	11	135			2	19000		12	hero	330	creeps	1	1	foot		0.6	60			1	500	100	1.35	150	1	40	normal	MetalHeavyChop	ground,structure,debris,item,ward	anonymous MPQ SLK/INI + JASS crosscheck
n00W	오버로드	unit_or_structure	0							A02I,A023		ReplaceableTextures\CommandButtons\BTNFelGuardBlue.blp	war3mapImported\BrownBalverine.mdl	12	135			2	17500	300	14	hero	330	creeps	1	1	foot		0.6	60			1	500	100	1.35	165	1	42	normal	MetalHeavyChop	ground,structure,debris,item,ward	anonymous MPQ SLK/INI + JASS crosscheck
n00X	인페르날	unit_or_structure	0							ACmi		ReplaceableTextures\CommandButtons\BTNInfernal.blp	war3mapImported\SkeletonFireMage_squished.mdl	8	385	120		6	1600		13	large	320	demon	1	1	foot	-100	0.4	60			1	500	100	2	50	1	50	normal	RockHeavyBash	ground,structure,debris,item,ward,tree	anonymous MPQ SLK/INI + JASS crosscheck
n00Y	팅커	unit_or_structure	0				h015	h01H,h003,h006,h01I		A02A		ReplaceableTextures\CommandButtons\BTNHeroTinker.blp	Units\Creeps\HeroTinker\HeroTinker.mdl	1	2000	1200		3	400		10	large	210	human	1	1	foot		0.5	60			3	400	90	1	25	1	5	normal	MetalLightChop	structure,ward,debris,ground	anonymous MPQ SLK/INI + JASS crosscheck
n00Z	닭 보호	unit_or_structure	0							A02B,Aloc		ReplaceableTextures\CommandButtons\BTNSentryWard.blp	_						200			medium		creeps	1	1	fly			60										normal	_	_	anonymous MPQ SLK/INI + JASS crosscheck
n010	닭 보호	shop_or_neutral_spawn	1	4242						A02C,Aloc		ReplaceableTextures\CommandButtons\BTNSentryWard.blp	_						200			medium		creeps	1	1	fly			60										normal	_	_	anonymous MPQ SLK/INI + JASS crosscheck
n011	중년 닭	shop_or_neutral_spawn	6	2590,2594,3291,8043,8544,8549						A00H,A000,Awan		ReplaceableTextures\CommandButtons\BTNCritterChicken.blp	units\critters\EasterChicken\EasterChicken	1					55	100		medium	100	critters	1	1	foot		0.5	60				80						normal	_	_	anonymous MPQ SLK/INI + JASS crosscheck
n012	하이드로맨서	unit_or_structure	0				h015			A016,A01A,A030,A01B		ReplaceableTextures\CommandButtons\BTNBanditMage.blp	units\creeps\BanditMage\BanditMage	4	400	450		1	460	400	2	none	320	human	7	1	foot		0.5	60			1	600	500	1.4	38	1	15	magic	_	structure,air,ward,debris,ground	anonymous MPQ SLK/INI + JASS crosscheck
n013	사티로스	unit_or_structure	0							A02W		ReplaceableTextures\CommandButtons\BTNSatyr.blp	worgen.mdl	13	85			1	17000		15	hero	330	creeps	1	1	foot		0.5	60			1	500	100	1.35	190	1	48	normal	MetalMediumSlice	ground,structure,debris,item,ward	anonymous MPQ SLK/INI + JASS crosscheck
n014	사티로스 쉐도우댄서	unit_or_structure	0							_		ReplaceableTextures\CommandButtons\BTNSatyrTrickster.blp	worgen.mdl	15	205	30		2	22000	300	24	hero	330	creeps	4	1	foot		0.5	60			1	600	100	1.35	260	1	60	normal	_	ground,structure,debris,item,ward	anonymous MPQ SLK/INI + JASS crosscheck
n015	사티로스 소울스틸러	unit_or_structure	0							A02U		ReplaceableTextures\CommandButtons\BTNSatyr.blp	worgen.mdl	14	255	50		4	19000	400	18	hero	330	creeps	8	1	foot		0.5	60			1	500	100	1.35	220	1	54	normal	MetalMediumSlice	ground,structure,debris,item,ward	anonymous MPQ SLK/INI + JASS crosscheck
n016	스켈레톤 워리어	unit_or_structure	0							_		ReplaceableTextures\CommandButtons\BTNSkeletonWarrior.blp	units\undead\Skeleton\Skeleton	3	130			2	3000		30	large	350	creeps	1	1	foot		0.5	60			1	500	90	2	150	1	50	normal	MetalHeavySlice	ground,structure,debris,item,ward	anonymous MPQ SLK/INI + JASS crosscheck
n017	고대 늑대의 돌	unit_or_structure	0							A029,A027,Avul		ReplaceableTextures\CommandButtons\BTNResStone.blp	Doodads\Cinematic\RessurectionStoneSW\RessurectionStoneSW		50				150000		15	fort		other	1	1	_			60										normal	_	_	anonymous MPQ SLK/INI + JASS crosscheck
n018	난이도 (쉬움)	enemy_spawn	1	5617						A035,A036,Aloc		ReplaceableTextures\CommandButtons\BTNSentryWard.blp	_						200			medium		orc	1	1	foot			60										normal	_	_	anonymous MPQ SLK/INI + JASS crosscheck
n019	난이도 (언리미트)	enemy_spawn	1	5652						A037,A038,A039,A03A,Aloc		ReplaceableTextures\CommandButtons\BTNSentryWard.blp	_						200			medium		orc	1	1	foot			60										normal	_	_	anonymous MPQ SLK/INI + JASS crosscheck
n01A	자이언트 닭	shop_or_neutral_spawn	5	2554,2558,3311,8664,8669						A00H,A000,Awan		ReplaceableTextures\CommandButtons\BTNCritterChicken.blp	units\critters\EasterChicken\EasterChicken	1					65	100		medium	150	critters	1	1	foot		0.5	60				80						normal	_	_	anonymous MPQ SLK/INI + JASS crosscheck
n01B	독 거미 (육지)	unit_or_structure	0							A02I		ReplaceableTextures\CommandButtons\BTNHighElvenArcher.blp	units\creeps\NerubianSpiderLord\NerubianSpiderLord.mdl	2					310			normal		human	2	1	foot		0.6	60			1	800	350	3	4	5	3	pierce	WoodLightBash	ground,structure,debris,air,item,ward	anonymous MPQ SLK/INI + JASS crosscheck
n01C	독 거미 (새끼)	unit_or_structure	0							A02I		ReplaceableTextures\CommandButtons\BTNHighElvenArcher.blp	units\creeps\Nerubian\Nerubian.mdl	2					150			normal		human	2	1	foot		0.6	60			1	800	200	5.5	1	2	3	pierce	WoodLightBash	ground,structure,debris,air,item,ward	anonymous MPQ SLK/INI + JASS crosscheck
n01D	거미	unit_or_structure	0							A02I		ReplaceableTextures\CommandButtons\BTNHighElvenArcher.blp	units\creeps\NerubianQueen\NerubianQueen.mdl	2					620		2	normal		human	2	1	foot		0.6	60			1	800	350	2	17	1	3	normal	WoodLightBash	ground,structure,debris,air,item,ward	anonymous MPQ SLK/INI + JASS crosscheck
n01E	[히든]지능닭	shop_or_neutral_spawn	5	8172,8307,8430,8555,8675						A03Z,A00H,A000,Awan		ReplaceableTextures\CommandButtons\BTNCritterChicken.blp	units\critters\EasterChicken\EasterChicken	5					20	500		medium	100	critters	1	1	foot		0.5	60				80						normal	_	_	anonymous MPQ SLK/INI + JASS crosscheck
n01F	[히든]공격닭	shop_or_neutral_spawn	5	8124,8312,8435,8560,8680						A040,A00H,A000,Awan		ReplaceableTextures\CommandButtons\BTNCritterChicken.blp	units\critters\EasterChicken\EasterChicken	5					20	100		medium	100	critters	1	1	foot		0.5	60				80						normal	_	_	anonymous MPQ SLK/INI + JASS crosscheck
n01G	[히든]아머닭	shop_or_neutral_spawn	5	8196,8317,8440,8565,8685						A044,A00H,A000,Awan		ReplaceableTextures\CommandButtons\BTNCritterChicken.blp	units\critters\EasterChicken\EasterChicken	5					20	100		medium	100	critters	1	1	foot		0.5	60				80						normal	_	_	anonymous MPQ SLK/INI + JASS crosscheck
n01H	[히든]생명닭	shop_or_neutral_spawn	5	8148,8322,8445,8570,8690						A04E,Awan		ReplaceableTextures\CommandButtons\BTNCritterChicken.blp	units\critters\EasterChicken\EasterChicken	5					100	1		medium	100	critters	1	1	foot		0.5	60				80						normal	_	_	anonymous MPQ SLK/INI + JASS crosscheck
n01I	아들[헐크]	unit_or_structure	0				H002	h01T,h00D,h004,h006,h00M,h01V,h003,h00A,h00E		A028,Ahrp,A005,A008		ReplaceableTextures\CommandButtons\BTNElfVillager.blp	IncredibleHulk.mdl	1	400			1	320	35	4	medium	220	human	1	1	foot		0.5	60			1	500	90	2	14	1	2	normal	MetalLightChop	structure,ward,debris,ground	anonymous MPQ SLK/INI + JASS crosscheck
n01J	동물나라 사신	unit_or_structure	0							Awan		Koopa.blp	KoopaTroopa.mdl						15			medium	190	critters	1	1	foot		0.5	60				500						normal	_	_	anonymous MPQ SLK/INI + JASS crosscheck
n01K	우싹스골렘	enemy_spawn	1	9148						A04F		ReplaceableTextures\CommandButtons\BTNFelGuard.blp	war3mapImported\AncientOfStone(heavy).mdl	10	135			2	47000		17	hero	390	creeps	1	1	foot		0.6	60			1	500	100	1.35	150	1	32	normal	MetalHeavyChop	ground,structure,debris,item,ward	anonymous MPQ SLK/INI + JASS crosscheck
nalb	알바스트로	unit_or_structure	0							Awan		ReplaceableTextures\CommandButtons\BTNAlbatross.blp	units\critters\Albatross\Albatross						15			medium	100	critters	1	1	fly	240	0.5	61				500						normal	_	_	anonymous MPQ SLK/INI + JASS crosscheck
ncp2	힘의 원형	unit_or_structure	0							Avul		ReplaceableTextures\CommandButtons\BTNCOP.blp	buildings\other\CircleOfPower\CircleOfPower						150000			fort		other	1	1	_			60				500						normal	_	_	anonymous MPQ SLK/INI + JASS crosscheck
ncrb	크랩2	unit_or_structure	0							Awan		ReplaceableTextures\CommandButtons\BTNSpinyCrab.blp	units\critters\SpiderCrab\SpiderCrab						15			medium	100	critters	1	1	foot		0.5	60				500						normal	_	_	anonymous MPQ SLK/INI + JASS crosscheck
nech	닭변신	unit_or_structure	0							Awan		ReplaceableTextures\CommandButtons\BTNCritterChicken.blp	units\critters\EasterChicken\EasterChicken						15			medium	100	critters	1	1	foot		0.5	60				500						normal	_	_	anonymous MPQ SLK/INI + JASS crosscheck
necr	토끼	unit_or_structure	0							Awan		ReplaceableTextures\CommandButtons\BTNCritterRabbit.blp	units\critters\EasterRabbit\EasterRabbit						15			medium	100	critters	1	1	foot		0.5	60				500						normal	_	_	anonymous MPQ SLK/INI + JASS crosscheck
nfro	개구리	unit_or_structure	0							Awan		ReplaceableTextures\CommandButtons\BTNHex.blp	units\critters\Frog\Frog						15			medium	100	critters	1	1	foot		0.5	60				500						normal	_	_	anonymous MPQ SLK/INI + JASS crosscheck
nhmc	크랩	unit_or_structure	0							Awan		ReplaceableTextures\CommandButtons\BTNHermitCrab.blp	units\critters\HermitCrab\HermitCrab						15			medium	100	critters	1	1	foot		0.5	60				500						normal	_	_	anonymous MPQ SLK/INI + JASS crosscheck
ninf	인페르날	unit_or_structure	0							ACmi,ANpi,ACrk		ReplaceableTextures\CommandButtons\BTNInfernal.blp	units\demon\Infernal\Infernal	8	385	120		6	1500		6	large	320	demon	1	1	foot		0.4	60			1	500	100	1.35	48	1	12	chaos	RockHeavyBash	ground,structure,debris,item,ward,tree	anonymous MPQ SLK/INI + JASS crosscheck
nlv1	라바 스폰	unit_or_structure	0							_		ReplaceableTextures\CommandButtons\BTNLavaSpawn.blp	Units\Creeps\LavaSpawn\LavaSpawn	3					425		1	large	300	other	1	1	foot		0.5	60			1	500	300	1.5	7	6	5	pierce	_	ground,structure,air,debris,item,ward	anonymous MPQ SLK/INI + JASS crosscheck
nmdm	드루이드	unit_or_structure	0							Amrf		ReplaceableTextures\CommandButtons\BTNRavenForm.blp	units\creeps\Medivh\Medivh	2	185				280	200		large	240	human	6	1	fly	240	0.6	61			1	600	600	1.1	8	1	16	pierce	_	ground,structure,debris,air,item,ward	anonymous MPQ SLK/INI + JASS crosscheck
nmed	착한메이지	unit_or_structure	0							Amrf		ReplaceableTextures\CommandButtons\BTNMedivh.blp	units\creeps\Medivh\Medivh	2	185				280	200		large	240	human	6	1	foot		0.6	60			1	600	600	1.1	8	1	16	pierce	_	ground,structure,debris,air,item,ward	anonymous MPQ SLK/INI + JASS crosscheck
now2	猫头鹰侦察者	unit_or_structure	0							Avul,ACmi,Adtg		ReplaceableTextures\CommandButtons\BTNScout.blp	units\nightelf\OwlSCOUT\OwlSCOUT						40			medium	350	nightelf	1	1	fly	240	0.5	61				500						normal	_	_	anonymous MPQ SLK/INI + JASS crosscheck
now3	猫头鹰侦察者	unit_or_structure	0							Avul,ACmi,Adtg		ReplaceableTextures\CommandButtons\BTNScout.blp	units\nightelf\OwlSCOUT\OwlSCOUT						40			medium	400	nightelf	1	1	fly	240	0.5	61				500						normal	_	_	anonymous MPQ SLK/INI + JASS crosscheck
nowl	猫头鹰侦察者	unit_or_structure	0							Avul,ACmi,Adtg		ReplaceableTextures\CommandButtons\BTNScout.blp	units\nightelf\OwlSCOUT\OwlSCOUT						40			medium	270	nightelf	1	1	fly	240	0.5	61				500						normal	_	_	anonymous MPQ SLK/INI + JASS crosscheck
npig	피그	unit_or_structure	0							Awan		ReplaceableTextures\CommandButtons\BTNPig.blp	units\critters\Pig\Pig						15			medium	100	critters	1	1	foot		0.5	60				500						normal	_	_	anonymous MPQ SLK/INI + JASS crosscheck
npng	펭귄	unit_or_structure	0							Awan		ReplaceableTextures\CommandButtons\BTNPenguin.blp	units\critters\Penguin\Penguin						15			medium	100	critters	1	1	amph		0.5	60				500						normal	_	_	anonymous MPQ SLK/INI + JASS crosscheck
npnw	펭귄	unit_or_structure	0							Awan		ReplaceableTextures\CommandButtons\BTNPenguin.blp	units\critters\Penguin\Penguin						15			medium	100	critters	1	1	float		0.5	60				500						normal	_	_	anonymous MPQ SLK/INI + JASS crosscheck
nrac	너구리	unit_or_structure	0							Awan		ReplaceableTextures\CommandButtons\BTNRacoon.blp	units\critters\Raccoon\Raccoon						15			medium	100	critters	1	1	foot		0.5	60				500						normal	_	_	anonymous MPQ SLK/INI + JASS crosscheck
nrat	쥐	unit_or_structure	0							Awan		ReplaceableTextures\CommandButtons\BTNYouDirtyRat!.blp	units\critters\Rat\Rat						15			medium	100	critters	1	1	foot		0.5	60				500						normal	_	_	anonymous MPQ SLK/INI + JASS crosscheck
nsea	귀운운애	unit_or_structure	0							Awan		ReplaceableTextures\CommandButtons\BTNSeal.blp	units\critters\Seal\Seal						15			medium	100	critters	1	1	foot		0.5	60				500						normal	_	_	anonymous MPQ SLK/INI + JASS crosscheck
nsha	양 수륙	unit_or_structure	0							Awan		ReplaceableTextures\CommandButtons\BTNSheep.blp	units\critters\Sheep\Sheep						15			medium	100	critters	1	1	amph		0.5	60				500						normal	_	_	anonymous MPQ SLK/INI + JASS crosscheck
nshe	양	unit_or_structure	0							Awan		ReplaceableTextures\CommandButtons\BTNSheep.blp	units\critters\Sheep\Sheep						15			medium	100	critters	1	1	foot		0.5	60				500						normal	_	_	anonymous MPQ SLK/INI + JASS crosscheck
nshf	[영]	unit_or_structure	0							Awan		ReplaceableTextures\CommandButtons\BTNSheep.blp	units\critters\FlyingSheep\FlyingSheep						15			medium	100	critters	1	1	fly	240	0.5	61				500						normal	_	_	anonymous MPQ SLK/INI + JASS crosscheck
nshw	양	unit_or_structure	0							Awan		ReplaceableTextures\CommandButtons\BTNSheep.blp	units\critters\Sheep\Sheep						15			medium	100	critters	1	1	float		0.5	60				500						normal	_	_	anonymous MPQ SLK/INI + JASS crosscheck
nsno	풋맨	unit_or_structure	0							Awan		ReplaceableTextures\CommandButtons\BTNFootman.blp	units\critters\SnowOwl\SnowOwl						15			medium	100	critters	1	1	fly	240	0.5	61				500						normal	_	_	anonymous MPQ SLK/INI + JASS crosscheck
nvul	벌처	unit_or_structure	0							Awan		ReplaceableTextures\CommandButtons\BTNVulture.blp	units\critters\Vulture\Vulture						15			medium	100	critters	1	1	fly	240	0.5	61				500						normal	_	_	anonymous MPQ SLK/INI + JASS crosscheck
nwgt	웨이 게이트	unit_or_structure	0							Awrp,Avul		ReplaceableTextures\CommandButtons\BTNWaygate.blp	buildings\other\Waygate\Waygate		50				150000			fort		other	1	1	_			60				500						normal	_	_	anonymous MPQ SLK/INI + JASS crosscheck
oalt	风暴祭坛	unit_or_structure	0						Obla,Ofar,Otch,Oshd	Abds,Aspi		ReplaceableTextures\CommandButtons\BTNAltarOfStorms.blp	buildings\orc\AltarofStorms\AltarofStorms		180	50			900		5	fort		orc	5	1	_			60										normal	_	_	anonymous MPQ SLK/INI + JASS crosscheck
obar	兵营	unit_or_structure	0						ogru,ohun,otbk,ocat	Abds,Aspi		ReplaceableTextures\CommandButtons\BTNBarracks.blp	buildings\orc\OrcBarracks\OrcBarracks		180	50			1200		5	fort		orc	9	1	_			60										normal	_	_	anonymous MPQ SLK/INI + JASS crosscheck
obea	兽栏	unit_or_structure	0				ostr		orai,okod,owyv,otbr	Abds,Aspi		ReplaceableTextures\CommandButtons\BTNBeastiary.blp	buildings\orc\Beastiary\Beastiary		145	140			1100		5	fort		orc	5	1	_			60										normal	_	_	anonymous MPQ SLK/INI + JASS crosscheck
ocat	粉碎者	unit_or_structure	0				ofor,ostr			Abof		ReplaceableTextures\CommandButtons\BTNDemolisher.blp	units\orc\catapult\catapult.mdl	2	220	50		4	425		2	large	220	orc	2	1	foot		0.4	30			3	1150	1150	4.5	81	1	21	siege	_	ground,debris,tree,wall,item,ward	anonymous MPQ SLK/INI + JASS crosscheck
odoc	巨魔巫医	unit_or_structure	0							Aeye,Ahwd,Asta,Aion		ReplaceableTextures\CommandButtons\BTNWitchDoctor.blp	units\orc\WitchDoctor\WitchDoctor	2	145	25		2	315	200		none	270	orc	7	1	foot		0.6	60			1	600	600	1.75	9	1	5	magic	_	ground,structure,debris,air,item,ward	anonymous MPQ SLK/INI + JASS crosscheck
oeye	岗哨守卫	unit_or_structure	0							Adt1,Aeth		ReplaceableTextures\CommandButtons\BTNSentryWard.blp	units\orc\SentryWard\SentryWard						200			medium		orc	1	1	foot			60										normal	_	_	anonymous MPQ SLK/INI + JASS crosscheck
ofor	战争磨坊	unit_or_structure	0							Abds,Aspi,Arlm		ReplaceableTextures\CommandButtons\BTNForge.blp	buildings\orc\WarMill\WarMill		205				1000		5	fort		orc	4	1	_			60										normal	_	_	anonymous MPQ SLK/INI + JASS crosscheck
ofrt	堡垒	unit_or_structure	0				oalt		opeo	Abdl,Aspi,Argl		ReplaceableTextures\CommandButtons\BTNFortress.blp	buildings\orc\GreatHall\GreatHall		345	210	10		2500		5	fort		orc	8	1	_			60										normal	_	_	anonymous MPQ SLK/INI + JASS crosscheck
ogre	大厅	unit_or_structure	0			ostr			opeo	Abdl,Aspi,Argl		ReplaceableTextures\CommandButtons\BTNGreathall.blp	buildings\orc\GreatHall\GreatHall		385	185	10		1500		5	fort		orc	6	1	_			60										normal	_	_	anonymous MPQ SLK/INI + JASS crosscheck
ogru	兽族步兵	unit_or_structure	0							Asal,Aion		ReplaceableTextures\CommandButtons\BTNGrunt.blp	units\orc\Grunt\Grunt	3	200			3	700		1	large	270	orc	3	1	foot		0.6	60			1	500	100	1.6	17	1	4	normal	MetalMediumChop	ground,structure,debris,item,ward	anonymous MPQ SLK/INI + JASS crosscheck
ohun	巨魔猎头者	unit_or_structure	0				ofor			Sbsk,Aion		ReplaceableTextures\CommandButtons\BTNHeadhunter.blp	units\orc\HeadHunter\HeadHunter.mdl	2	135	20		2	350			medium	270	orc	2	1	foot		0.6	60			1	500	450	2.31	22	1	5	pierce	_	ground,structure,debris,air,item,ward	anonymous MPQ SLK/INI + JASS crosscheck
ohwd	治疗守卫	unit_or_structure	0							Aoar		ReplaceableTextures\CommandButtons\BTNHealingWard.blp	units\orc\HealingWard\HealingWard						5			medium		orc	1	1	foot			60										normal	_	_	anonymous MPQ SLK/INI + JASS crosscheck
okod	科多兽	unit_or_structure	0				ofor			Aakb,Advc,Adev,Apak		ReplaceableTextures\CommandButtons\BTNKotoBeast.blp	units\orc\KotoBeast\KotoBeast	4	255	60		4	1000		1	small	220	orc	5	1	horse		0.5	60			1	500	500	1.44	15	1	5	pierce	_	ground,structure,debris,air,item,ward	anonymous MPQ SLK/INI + JASS crosscheck
opeo	피언	unit_or_structure	0					ogre,otrb,orbr,obar,ofor,oalt,obea,osld,otto,owtw,ovln		Ahar,Arep,Asal		ReplaceableTextures\CommandButtons\BTNPeon.blp	units\orc\Peon\Peon	1	75			1	250			medium	190	orc	1	1	foot		0.6	60			3	500	90	3	6	1	2	normal	MetalLightChop	ground,structure,debris,item,ward	anonymous MPQ SLK/INI + JASS crosscheck
orai	掠夺者	unit_or_structure	0							Aens,Asal,Aion		ReplaceableTextures\CommandButtons\BTNRaider.blp	units\orc\WolfRider\WolfRider	3	180	40		3	610			medium	350	orc	6	1	horse		0.5	60			1	500	100	1.85	22	1	5	siege	MetalMediumSlice	ground,structure,debris,item,ward	anonymous MPQ SLK/INI + JASS crosscheck
oshm	萨满祭司	unit_or_structure	0							Ablo,Alsh,Aprg,Aion		ReplaceableTextures\CommandButtons\BTNShaman.blp	units\orc\Shaman\Shaman	2	130	20		2	335	200		none	270	orc	8	1	foot		0.6	60			1	600	600	2.1	7	1	2	magic	_	ground,structure,debris,air,item,ward	anonymous MPQ SLK/INI + JASS crosscheck
osld	灵魂归宿	unit_or_structure	0				ostr		oshm,odoc,ospm	Abds,Aspi		ReplaceableTextures\CommandButtons\BTNSpiritLodge.blp	buildings\orc\SpiritLodge\SpiritLodge		150	150			800		5	fort		orc	5	1	_			60										normal	_	_	anonymous MPQ SLK/INI + JASS crosscheck
osp1	毒蛇守卫	unit_or_structure	0							ACmi		ReplaceableTextures\CommandButtons\BTNSerpentWard.blp	units\orc\SerpentWard\SerpentWard	1					75			large		orc	1	1	foot			60			1	600	600	1.5	10	1	3	pierce	_	ground,structure,debris,air,item,ward	anonymous MPQ SLK/INI + JASS crosscheck
osp2	毒蛇守卫	unit_or_structure	0							ACmi		ReplaceableTextures\CommandButtons\BTNSerpentWard.blp	units\orc\SerpentWard\SerpentWard	2					135			large		orc	1	1	foot			60			1	600	600	1.5	22	1	4	pierce	_	ground,structure,debris,air,item,ward	anonymous MPQ SLK/INI + JASS crosscheck
osp3	毒蛇守卫	unit_or_structure	0							ACmi		ReplaceableTextures\CommandButtons\BTNSerpentWard.blp	units\orc\SerpentWard\SerpentWard	3					135			large		orc	1	1	foot			60			1	600	600	1.5	40	1	5	pierce	_	ground,structure,debris,air,item,ward	anonymous MPQ SLK/INI + JASS crosscheck
ospm	[공장]	unit_or_structure	0				hkee,hbla		hgyr,hmtm,hmtt,hrtt	Acpf,Aspl,Adcn,Aast,Aion		ReplaceableTextures\CommandButtons\BTNWorkshop.blp	units\orc\spiritwalker\spiritwalker	3	195	35		3	500	300		none	270	orc	7	1	foot		0.5	60										normal	_	_	anonymous MPQ SLK/INI + JASS crosscheck
ospw	灵魂行者	unit_or_structure	0							Acpf,Aspl,Adcn,Aast,Aion		ReplaceableTextures\CommandButtons\BTNSpiritWalker.blp	units\orc\spiritwalker\spiritwalker	3	195	35		3	500	300		none	270	orc	7	1	foot		0.5	60			1	500	400	1.75	16	1	6	magic	_	ground,structure,debris,air,item,ward	anonymous MPQ SLK/INI + JASS crosscheck
ostr	要塞	unit_or_structure	0			ofrt			opeo	Abdl,Aspi,Argl		ReplaceableTextures\CommandButtons\BTNStronghold.blp	buildings\orc\GreatHall\GreatHall		315	190	10		2000		5	fort		orc	7	1	_			60										normal	_	_	anonymous MPQ SLK/INI + JASS crosscheck
osw1	幽魂之狼	unit_or_structure	0							_		ReplaceableTextures\CommandButtons\BTNSpiritWolf.blp	units\orc\Spiritwolf\Spiritwolf	2					200			large	350	orc	1	1	foot		0.6	60			1	500	90	1	10	1	2	normal	WoodMediumBash	ground,structure,debris,item,ward	anonymous MPQ SLK/INI + JASS crosscheck
osw2	恐惧之狼	unit_or_structure	0							ACct		ReplaceableTextures\CommandButtons\BTNSpiritWolf.blp	units\orc\Spiritwolf\Spiritwolf	3					300			large	350	orc	1	1	foot		0.6	60			1	500	90	1	15	1	2	normal	WoodMediumBash	ground,structure,debris,item,ward	anonymous MPQ SLK/INI + JASS crosscheck
osw3	阴影之狼	unit_or_structure	0							ACct,Apiv		ReplaceableTextures\CommandButtons\BTNSpiritWolf.blp	units\orc\Spiritwolf\Spiritwolf	4					400			large	350	orc	1	1	foot		0.6	60			1	500	90	1	20	1	2	normal	WoodMediumBash	ground,structure,debris,item,ward	anonymous MPQ SLK/INI + JASS crosscheck
otau	牛头人	unit_or_structure	0				otto			Awar,Aion		ReplaceableTextures\CommandButtons\BTNTauren.blp	units\orc\Tauren\Tauren	5	280	80		5	1300		3	large	270	orc	4	1	foot		0.5	60			1	500	100	1.9	29	1	7	normal	WoodHeavyBash	ground,structure,debris,item,ward	anonymous MPQ SLK/INI + JASS crosscheck
otbk	巨魔狂暴战士	unit_or_structure	0				ofor			Absk,Aion		ReplaceableTextures\CommandButtons\BTNHeadHunterBerserker.blp	units\orc\HeadHunter\HeadHunter.mdl	2	135	20		2	450			medium	270	orc	2	1	foot		0.6	60			1	500	450	2.31	22	1	5	pierce	_	ground,structure,debris,air,item,ward	anonymous MPQ SLK/INI + JASS crosscheck
otbr	巨魔蝙蝠骑士	unit_or_structure	0				ofrt,ovln			Aliq,Auco		ReplaceableTextures\CommandButtons\BTNTrollBatRider.blp	units\orc\BatTroll\BatTroll	2	160	40		2	500			small	320	orc	2	1	fly	240	0.4	61			1	1000	300	1.8	10	1	2	siege	_	ground,structure,debris,item,ward	anonymous MPQ SLK/INI + JASS crosscheck
otot	静止陷阱	unit_or_structure	0							Aeth		ReplaceableTextures\CommandButtons\BTNStasisTrap.blp	units\orc\StasisTotem\StasisTotem						100			medium		orc	1	1	foot			60										normal	_	_	anonymous MPQ SLK/INI + JASS crosscheck
otrb	兽族地洞	unit_or_structure	0							Abds,Aspi,Abun,Abtl,Astd,Arbr		ReplaceableTextures\CommandButtons\BTNTrollBurrow.blp	buildings\orc\TrollBurrow\TrollBurrow	1	160	40	10		600		2	large		orc	3	1	_			60			1	700	700	4	33	1	8	pierce	_	ground,structure,debris,air,item,ward	anonymous MPQ SLK/INI + JASS crosscheck
otto	牛头人图腾	unit_or_structure	0				ofrt,ofor		otau	Abds,Aspi		ReplaceableTextures\CommandButtons\BTNTaurenTotem.blp	buildings\orc\TaurenTotem\TaurenTotem		90	200			1200		5	fort		orc	4	1	_			60										normal	_	_	anonymous MPQ SLK/INI + JASS crosscheck
ovln	巫毒商店	unit_or_structure	0							Abds,Aall,Aspi,Apit		ReplaceableTextures\CommandButtons\BTNVoodooLounge.blp	buildings\orc\VoodooLounge\VoodooLounge		130	30			500		5	fort		orc	1	1	_			60				500						normal	_	_	anonymous MPQ SLK/INI + JASS crosscheck
owtw	了望塔	unit_or_structure	0				ofor			Abds,Arbr,Aspi		ReplaceableTextures\CommandButtons\BTNOrcTower.blp	buildings\orc\WatchTower\WatchTower	1	110	80			500		3	large		orc	2	1	_			60			1	900	800	0.6	15	1	3	pierce	_	ground,structure,debris,air,item,ward	anonymous MPQ SLK/INI + JASS crosscheck
owyv	风骑士	unit_or_structure	0				ofrt			Aven		ReplaceableTextures\CommandButtons\BTNWyvernRider.blp	units\orc\WyvernRider\WyvernRider	4	265	40		4	600			small	350	orc	2	1	fly	240	0.4	61			1	650	450	2	37	2	5	pierce	_	ground,structure,debris,air,item,ward	anonymous MPQ SLK/INI + JASS crosscheck
u000	모드 선택	unit_or_structure	1	1929						Avul		ReplaceableTextures\CommandButtons\BTNShade.blp	units\undead\Shade\Shade	1				1	125			medium	350	undead	1	1	fly	30	0.6	61				500						normal	_	_	anonymous MPQ SLK/INI + JASS crosscheck
uabo	憎恶	unit_or_structure	0				unp2			Aap1,Aiun,Acn2		ReplaceableTextures\CommandButtons\BTNAbomination.blp	units\undead\Abomination\Abomination	4	240	70		4	1080		2	large	270	undead	2	1	foot		0.4	60			1	500	128	1.9	32	1	7	normal	MetalHeavyChop	ground,structure,debris,item,ward	anonymous MPQ SLK/INI + JASS crosscheck
uaco	侍僧	unit_or_structure	0					unpl,uzig,usep,ugrv,uaod,utod,uslh,ubon,usap,ugol,utom		Aaha,Arst,Alam,Auns		ReplaceableTextures\CommandButtons\BTNAcolyte.blp	units\undead\Acolyte\Acolyte	1	75			1	220			medium	220	undead	1	1	foot		0.6	60			1	500	90	2.5	8	1	2	normal	WoodLightBash	ground,structure,debris,item,ward	anonymous MPQ SLK/INI + JASS crosscheck
uaod	黑暗祭坛	unit_or_structure	0						Udea,Ulic,Udre,Ucrl	Abgs		ReplaceableTextures\CommandButtons\BTNAltarOfDarkness.blp	buildings\undead\AltarOfDarkness\AltarOfDarkness		180	50			900		5	fort		undead	5	1	_			60				500						normal	_	_	anonymous MPQ SLK/INI + JASS crosscheck
uban	女妖	unit_or_structure	0							Aams,Acrs,Apos,Aiun		ReplaceableTextures\CommandButtons\BTNBanshee.blp	units\undead\Banshee\Banshee	2	155	30		2	285	200		none	270	undead	7	1	hover	50	0.6	61			1	700	500	1.5	8	1	5	magic	_	ground,structure,debris,air,item,ward	anonymous MPQ SLK/INI + JASS crosscheck
ubon	埋骨地	unit_or_structure	0				unp2,usap		ufro	Abgs		ReplaceableTextures\CommandButtons\BTNBoneyard.blp	buildings\undead\BoneYard\BoneYard		125	250			1500		5	fort		undead	5	1	_			60				500						normal	_	_	anonymous MPQ SLK/INI + JASS crosscheck
ubsp	破坏者	unit_or_structure	0							Advm,Afak,Aave,Aabs,ACmi		ReplaceableTextures\CommandButtons\BTNDestroyer.blp	units\undead\ObsidianStatue\ObsidianStatue	5	100	50		5	900	400	4	small	320	undead	8	1	fly	240	0.4	61			1	500	450	1.35	20	1	4	magic	_	ground,structure,debris,air,item,ward	anonymous MPQ SLK/INI + JASS crosscheck
ucrm	钻入地下的穴居恶魔	unit_or_structure	0				ugrv			Aspa,Abur,Aiun		ReplaceableTextures\CommandButtons\BTNCryptFiend.blp	units\undead\CryptFiend\CryptFiend	3	215	40		3	550			medium		undead	4	1	foot		0.5	60				500						normal	_	_	anonymous MPQ SLK/INI + JASS crosscheck
ucry	穴居恶魔	unit_or_structure	0				ugrv			Aweb,Aspa,Abur,Aiun		ReplaceableTextures\CommandButtons\BTNCryptFiend.blp	units\undead\CryptFiend\CryptFiend	3	215	40		3	550			medium	270	undead	4	1	foot		0.5	60			1	700	550	2	27	1	6	pierce	_	ground,structure,debris,item,ward	anonymous MPQ SLK/INI + JASS crosscheck
ucs1	腐尸甲虫	unit_or_structure	0							_		ReplaceableTextures\CommandButtons\BTNCarrionScarabs.blp	units\undead\scarab\scarab	1					140		2	large	270	undead	1	1	foot		0.6	60			1	500	90	1.5	7	1	2	normal	WoodMediumBash	ground,structure,debris,item,ward	anonymous MPQ SLK/INI + JASS crosscheck
ucs2	腐尸甲虫	unit_or_structure	0							Abu2		ReplaceableTextures\CommandButtons\BTNCarrionScarabs.blp	units\undead\scarab\scarab	2					275		2	large	270	undead	2	1	foot		0.6	60			1	500	90	1.5	14	1	4	normal	WoodMediumBash	ground,structure,debris,item,ward	anonymous MPQ SLK/INI + JASS crosscheck
ucs3	腐尸甲虫	unit_or_structure	0							Abu3		ReplaceableTextures\CommandButtons\BTNCarrionScarabs.blp	units\undead\scarab\scarab	3					410		2	large	270	undead	2	1	foot		0.6	60			1	500	90	1.5	21	1	6	normal	WoodMediumBash	ground,structure,debris,item,ward	anonymous MPQ SLK/INI + JASS crosscheck
ucsB	钻入地下的腐尸甲虫	unit_or_structure	0							Abu2		ReplaceableTextures\CommandButtons\BTNCarrionScarabs.blp	units\undead\scarab\scarab	2					275		2	large		undead	2	1	foot		0.6	60				500						normal	_	_	anonymous MPQ SLK/INI + JASS crosscheck
ucsC	钻入地下的腐尸甲虫	unit_or_structure	0							Abu3		ReplaceableTextures\CommandButtons\BTNCarrionScarabs.blp	units\undead\scarab\scarab	3					410		2	large		undead	2	1	foot		0.6	60				500						normal	_	_	anonymous MPQ SLK/INI + JASS crosscheck
ufro	冰霜巨龙	unit_or_structure	0							Afrz,Afrb		ReplaceableTextures\CommandButtons\BTNFrostWyrm.blp	units\undead\FrostWyrm\FrostWyrm	6	385	120		7	1350		1	small	270	undead	6	1	fly	240	0.4	61			3	500	300	3	83	2	11	pierce	_	ground,structure,debris,item,ward	anonymous MPQ SLK/INI + JASS crosscheck
ugar	石像鬼	unit_or_structure	0				ugrv,unp2			Astn		ReplaceableTextures\CommandButtons\BTNGargoyle.blp	units\undead\Gargoyle\Gargoyle	2	185	30		2	410		3	none	350	undead	3	1	fly	240	0.5	61			3	500	128	1.4	60	1	10	normal	WoodMediumBash	air	anonymous MPQ SLK/INI + JASS crosscheck
ugho	食尸鬼	unit_or_structure	0							Acan,Ahrl,Aiun		ReplaceableTextures\CommandButtons\BTNGhoul.blp	units\undead\Ghoul\Ghoul	2	120			2	330			large	270	undead	5	1	foot		0.5	60			3	500	90	1.3	10	2	2	normal	WoodMediumBash	ground,structure,debris,item,ward	anonymous MPQ SLK/INI + JASS crosscheck
ugol	闹鬼金矿	unit_or_structure	0							Abgl,Abgm		ReplaceableTextures\CommandButtons\BTNGoldMine.blp	buildings\undead\HauntedMine\HauntedMine		255	220			950		5	fort		undead	1	1	_			60				500						normal	_	_	anonymous MPQ SLK/INI + JASS crosscheck
ugrm	石像形态下的石像鬼	unit_or_structure	0				ugrv,unp2			Astn,ACmi		ReplaceableTextures\CommandButtons\BTNStoneForm.blp	units\undead\Gargoyle\Gargoyle	2	185	30		2	410		15	none		undead	3	1	foot		0.5	60				500						normal	_	_	anonymous MPQ SLK/INI + JASS crosscheck
ugrv	坟场	unit_or_structure	0							Abgs,Agyd,Arlm		ReplaceableTextures\CommandButtons\BTNGraveyard.blp	buildings\undead\Graveyard\Graveyard		215				900		5	fort		undead	4	1	_			60				500						normal	_	_	anonymous MPQ SLK/INI + JASS crosscheck
uloc	蝗虫	unit_or_structure	0							Aloc		ReplaceableTextures\CommandButtons\BTNLocustSwarm.blp	units\undead\Locust\Locust						65			small	400	undead	1	1	fly	150	0.2	170			1	900	10	1	12	1	2	spells	_	ground,debris,air,item	anonymous MPQ SLK/INI + JASS crosscheck
umtw	绞肉车	unit_or_structure	0							Sch2,Amel,Amed,Apts,Aexh		ReplaceableTextures\CommandButtons\BTNMeatWagon.blp	units\undead\MeatWagon\MeatWagon	2	230	50		4	380		2	large	220	undead	3	1	foot		0.6	30			3	1150	1150	4	70	1	18	siege	_	ground,debris,tree,wall,item,ward	anonymous MPQ SLK/INI + JASS crosscheck
unec	不死族巫师	unit_or_structure	0							Acri,Arai,Auhf,Aiun		ReplaceableTextures\CommandButtons\BTNNecromancer.blp	units\undead\Necromancer\Necromancer	2	145	20		2	305	200		none	270	undead	8	1	foot		0.6	60			1	600	600	1.8	7	1	2	magic	_	ground,structure,debris,air,item,ward	anonymous MPQ SLK/INI + JASS crosscheck
unp1	亡者大厅	unit_or_structure	0			unp2			uaco	Abgl,Arlm		ReplaceableTextures\CommandButtons\BTNHallOfTheDead.blp	buildings\undead\Necropolis\Necropolis	2	320	210	10		1750		5	fort		undead	7	1	_			60			1	800	800	1	40	1	10	pierce	_	ground,structure,debris,air,item,ward	anonymous MPQ SLK/INI + JASS crosscheck
unp2	黑色城堡	unit_or_structure	0				uaod		uaco	Abgl,Arlm		ReplaceableTextures\CommandButtons\BTNBlackCitadel.blp	buildings\undead\Necropolis\Necropolis	3	345	250	10		2000		5	fort		undead	8	1	_			60			1	800	800	1	48	1	12	pierce	_	ground,structure,debris,air,item,ward	anonymous MPQ SLK/INI + JASS crosscheck
unpl	大墓地	unit_or_structure	0			unp1			uaco	Abgl,Arlm		ReplaceableTextures\CommandButtons\BTNNecropolis.blp	buildings\undead\Necropolis\Necropolis		255		10		1500		5	fort		undead	6	1	_			60										normal	_	_	anonymous MPQ SLK/INI + JASS crosscheck
uobs	十胜石雕像	unit_or_structure	0				utom			Arpl,Arpm,Aave		ReplaceableTextures\CommandButtons\BTNObsidianStatue.blp	units\undead\ObsidianStatue\ObsidianStatue	2	200	35		3	800	600	4	large	270	undead	1	1	foot		0.5	60			1	600	575	2.1	6	1	2	magic	_	ground,structure,debris,air,item,ward	anonymous MPQ SLK/INI + JASS crosscheck
uplg	疾病云雾	unit_or_structure	0							Aap2		ReplaceableTextures\PassiveButtons\PASBTNPlagueCloud.blp	units\undead\PlagueCloud\PlagueCloud						100			medium		undead	0	1	amph			60				500						normal	_	_	anonymous MPQ SLK/INI + JASS crosscheck
usap	牺牲深渊	unit_or_structure	0				unp1			Abgs,Asac		ReplaceableTextures\CommandButtons\BTNSacrificialPit.blp	buildings\undead\SacrificialPit\SacrificialPit		75	150			900		5	fort		undead	4	1	_			60										normal	_	_	anonymous MPQ SLK/INI + JASS crosscheck
usep	地穴	unit_or_structure	0						ugho,ucry,ugar	Abgs		ReplaceableTextures\CommandButtons\BTNCrypt.blp	buildings\undead\Crypt\Crypt		200	50			1300		5	fort		undead	9	1	_			60										normal	_	_	anonymous MPQ SLK/INI + JASS crosscheck
uske	骷髅战士	unit_or_structure	0							_		ReplaceableTextures\CommandButtons\BTNSkeletonWarrior.blp	units\undead\Skeleton\Skeleton	1					180		1	large	270	undead	1	1	foot		0.5	60			1	500	90	2	13	1	2	normal	MetalMediumSlice	ground,structure,debris,item,ward	anonymous MPQ SLK/INI + JASS crosscheck
uskm	骷髅魔法师	unit_or_structure	0							_		ReplaceableTextures\CommandButtons\BTNSkeletonMage.blp	units\undead\SkeletonMage\SkeletonMage	1					230			medium	270	undead	1	1	foot		0.5	60			1	700	500	1.5	10	1	2	pierce	_	ground,structure,debris,air,item,ward	anonymous MPQ SLK/INI + JASS crosscheck
uslh	屠宰场	unit_or_structure	0				unp1,ugrv		umtw,uabo,uobs	Abgs		ReplaceableTextures\CommandButtons\BTNSlaughterhouse.blp	buildings\undead\Slaughterhouse\Slaughterhouse		140	135			1200		5	fort		undead	5	1	_			60										normal	_	_	anonymous MPQ SLK/INI + JASS crosscheck
utod	诅咒神庙	unit_or_structure	0				unp1,ugrv		unec,uban	Abgs		ReplaceableTextures\CommandButtons\BTNTempleOfTheDamned.blp	buildings\undead\TempleOfTheDamned\TempleOfTheDamned		155	140			1100		5	fort		undead	5	1	_			60										normal	_	_	anonymous MPQ SLK/INI + JASS crosscheck
utom	古墓废墟	unit_or_structure	0							Aall,Abgs,Apit		ReplaceableTextures\CommandButtons\BTNTombOfRelics.blp	buildings\undead\TombOfRelics\TombOfRelics		130	30			475		5	fort		undead	1	1	_			60				500						normal	_	_	anonymous MPQ SLK/INI + JASS crosscheck
uzg1	幽魂之塔	unit_or_structure	0				ugrv			Abgs		ReplaceableTextures\CommandButtons\BTNZigguratUpgrade.blp	buildings\undead\Ziggurat\Ziggurat	1	145	40	10		550		5	fort		undead	3	1	_			60			1	900	700	1	26	1	6	pierce	_	ground,structure,debris,air,item,ward	anonymous MPQ SLK/INI + JASS crosscheck
uzg2	蛛网怪塔	unit_or_structure	0							Abgs,Afra		ReplaceableTextures\CommandButtons\BTNFrostTower.blp	buildings\undead\Ziggurat\Ziggurat	1	100	20	10		550		5	fort		undead	3	1	_			60			1	900	700	1	10	1	2	normal	_	ground,structure,debris,air,item,ward	anonymous MPQ SLK/INI + JASS crosscheck
uzig	通灵塔	unit_or_structure	0			uzg1,uzg2				Abgs		ReplaceableTextures\CommandButtons\BTNZiggurat.blp	buildings\undead\Ziggurat\Ziggurat		150	50	10		550		5	fort		undead	2	1	_			60										normal	_	_	anonymous MPQ SLK/INI + JASS crosscheck
